,molecule_chembl_id,canonical_smiles,standard_value,class,MW,LogP,NumHDonors,NumHAcceptors
0,MB1,O=C(C1=CC=CC=C1OC)/C=C/C2=NC=CC=C2,2000.0,intermediate,239.274,2.9863000000000017,0.0,3.0
1,MB2,O=C(C1=CC=CC=C1OC)/C=C/C2=CC=CN=C2,17380.0,inactive,239.274,2.9863000000000017,0.0,3.0
2,MB3,O=C(C1=CC=CC(OC)=C1)/C=C/C2=CC=CN=C2,4090.0,intermediate,239.27400000000003,2.986300000000001,0.0,3.0
3,MB4,O=C(C1=CC=C(OC)C=C1)/C=C/C2=NC=CC=C2,18640.0,inactive,239.27400000000003,2.9863000000000017,0.0,3.0
4,MB5,O=C(C1=CC=C(OC)C=C1)/C=C/C2=CC=CN=C2,4470.0,intermediate,239.27400000000003,2.9863000000000017,0.0,3.0
5,MB6,O=C(C1=CC=C(OC)C=C1)/C=C/C2=CC=NC=C2,4630.0,intermediate,239.27400000000003,2.9863000000000017,0.0,3.0
6,MB7,OC1=CC(OC)=CC(OC)=C1C(/C=C/C2=CC=C(OCC3=CN(C4=CC=C(F)C=C4Cl)N=N3)C(OC)=C2)=O,11610.0,inactive,539.9470000000002,5.266300000000004,1.0,9.0
7,MB8,OC1=CC(OC)=CC(OC)=C1C(/C=C/C2=CC=C(OCC3=CN(C4=CC=C(F)C(Cl)=C4)N=N3)C(OC)=C2)=O,5070.0,intermediate,539.9470000000002,5.266300000000004,1.0,9.0
8,MB9,OC1=CC(OC)=CC(OC)=C1C(/C=C/C2=CC=C(OCC3=CN(C4=CC=C(F)C=C4F)N=N3)C(OC)=C2)=O,6300.0,intermediate,523.4920000000002,4.752000000000003,1.0,9.0
9,MB10,OC1=CC(OC)=CC(OC)=C1C(/C=C/C2=CC=C(OCC3=CN(C4=CC=CC=C4Cl)N=N3)C(OC)=C2)=O,12980.0,inactive,521.9570000000002,5.127200000000004,1.0,9.0
10,MB11,OC1=CC(OC)=CC(OC)=C1C(/C=C/C2=CC=C(OCC3=CN(C4=CC=C(Cl)C=C4)N=N3)C(OC)=C2)=O,9730.0,intermediate,521.9570000000002,5.127200000000004,1.0,9.0
11,MB12,OC1=CC(OC)=CC(OC)=C1C(/C=C/C2=CC=C(OC)C(OCC3=CN(C4=CC=C(F)C=C4Cl)N=N3)=C2)=O,9110.0,intermediate,539.9470000000002,5.266300000000004,1.0,9.0
12,MB13,OC1=CC(OC)=CC(OC)=C1C(/C=C/C2=CC=C(OC)C(OCC3=CN(C4=CC=C(F)C(Cl)=C4)N=N3)=C2)=O,13920.0,inactive,539.9470000000002,5.266300000000004,1.0,9.0
13,MB14,OC1=CC(OC)=CC(OC)=C1C(/C=C/C2=CC=C(OC)C(OCC3=CN(C4=CC=C(F)C=C4F)N=N3)=C2)=O,18220.0,inactive,523.4920000000002,4.752000000000003,1.0,9.0
14,MB15,OC1=CC(OC)=CC(OC)=C1C(/C=C/C2=CC=C(OC)C(OCC3=CN(C4=CC=CC=C4Cl)N=N3)=C2)=O,15380.0,inactive,521.9570000000002,5.127200000000004,1.0,9.0
15,MB16,OC1=CC(OC)=CC(OC)=C1C(/C=C/C2=CC=C(OC)C(OCC3=CN(C4=CC=C(Cl)C=C4)N=N3)=C2)=O,21110.0,inactive,521.9570000000002,5.127200000000004,1.0,9.0
16,MB17,OC1=CC(OC)=CC(OC)=C1C(/C=C/C2=CC=C(OCC3=CN(C4=CC=C(F)C=C4Cl)N=N3)C(OCC5=CN(C6=C(Cl)C=C(F)C=C6)N=N5)=C2)=O,11620.0,inactive,735.5310000000001,7.209900000000006,1.0,12.0
17,MB18,OC1=CC(OC)=CC(OC)=C1C(/C=C/C2=CC=C(OCC3=CN(C4=CC=C(F)C(Cl)=C4)N=N3)C(OCC5=CN(C6=CC(Cl)=C(F)C=C6)N=N5)=C2)=O,14770.0,inactive,735.5310000000001,7.209900000000006,1.0,12.0
18,MB19,OC1=CC(OC)=CC(OC)=C1C(/C=C/C2=CC=C(OCC3=CN(C4=CC=C(F)C=C4F)N=N3)C(OCC5=CN(C6=C(F)C=C(F)C=C6)N=N5)=C2)=O,12600.0,inactive,702.6210000000002,6.181300000000005,1.0,12.0
19,MB20,OC1=CC(OC)=CC(OC)=C1C(/C=C/C2=CC=C(OCC3=CN(C4=CC=CC=C4Cl)N=N3)C(OCC5=CN(C6=C(Cl)C=CC=C6)N=N5)=C2)=O,11970.0,inactive,699.551,6.9317000000000055,1.0,12.0
20,MB21,OC1=CC(OC)=CC(OC)=C1C(/C=C/C2=CC=C(OCC3=CN(C4=CC=C(Cl)C=C4)N=N3)C(OCC5=CN(C6=CC=C(Cl)C=C6)N=N5)=C2)=O,18240.0,inactive,699.551,6.9317000000000055,1.0,12.0
21,MB22,O=C(C1=CC=C(C)O1)/C=C/C2=CC=C(C(O)=O)C=C2,18400.0,inactive,256.257,3.1823200000000016,1.0,3.0
22,MB23,O=C(NCCNC1=CC=NC2=CC(Cl)=CC=C12)C3=CC=C(/C=C/C(C4=CC=C(C)O4)=O)C=C3,110.0,active,459.9330000000002,5.527620000000004,2.0,5.0
23,MB24,O=C(NCCCNC1=CC=NC2=CC(Cl)=CC=C12)C3=CC=C(/C=C/C(C4=CC=C(C)O4)=O)C=C3,70.0,active,473.96000000000026,5.9177200000000045,2.0,5.0
24,MB25,O=C(NCCCCNC1=CC=NC2=CC(Cl)=CC=C12)C3=CC=C(/C=C/C(C4=CC=C(C)O4)=O)C=C3,50.0,active,487.9870000000003,6.307820000000005,2.0,5.0
25,MB26,O=C(NC(C)CNC1=CC=NC2=CC(Cl)=CC=C12)C3=CC=C(/C=C/C(C4=CC=C(C)O4)=O)C=C3,80.0,active,473.96000000000026,5.916120000000005,2.0,5.0
26,MB27,O=C(NCCCCCCNC1=CC=NC2=CC(Cl)=CC=C12)C3=CC=C(/C=C/C(C4=CC=C(C)O4)=O)C=C3,50.0,active,516.0410000000004,7.0880200000000055,2.0,5.0
27,MB28,O=C(N(CCCNC1=CC=NC2=CC(Cl)=CC=C12)C)C3=CC=C(/C=C/C(C4=CC=C(C)O4)=O)C=C3,370.0,active,487.9870000000003,6.2599200000000055,1.0,5.0
28,MB29,O=C(NCCOCCOCCNC1=CC=NC2=CC(Cl)=CC=C12)C3=CC=C(/C=C/C(C4=CC=C(C)O4)=O)C=C3,260.0,active,548.0390000000002,5.560820000000005,2.0,7.0
29,MB30,O=C(NCCCN(CCCNC1=CC=NC2=CC(Cl)=CC=C12)C)C3=CC=C(/C=C/C(C4=CC=C(C)O4)=O)C=C3,90.0,active,545.0830000000003,6.239620000000006,2.0,6.0
30,MB31,O=C(C1=CC=C(C)O1)/C=C/C2=CC=C(C(N3CCN(C4=CC=NC5=CC(Cl)=CC=C45)CC3)=O)C=C2,540.0,active,485.9710000000002,5.648120000000006,0.0,5.0
31,MB32,O=C(/C=C/C1=CC=C(Cl)C=C1)C2=CC=C(N3C=CC=C3)C=C2,9500.0,intermediate,307.78000000000003,5.026800000000004,0.0,2.0
32,MB33,O=C(/C=C/C1=CC=C(Cl)C=C1)C2=CC=C(N3C(C=CC=C4)=C4N=N3)C=C2,7000.0,intermediate,359.81600000000003,4.970000000000004,0.0,4.0
33,MB34,O=C(/C=C/C1=CC=C(Cl)C=C1)C2=CC=C(N3C=NC=N3)C=C2,4900.0,intermediate,309.75600000000003,3.8168000000000033,0.0,4.0
34,MB35,O=C(C1=C(Cl)SC(Cl)=C1)/C=C/C2=CC=C(OCC3=CC=CC=C3)C(OC)=C2,20030.0,inactive,419.32900000000024,6.538600000000005,0.0,4.0
35,MB36,O=C(C1=C(Cl)SC(Cl)=C1)/C=C/C2=CC=C(OC)C(OCC3=CC=CC=C3)=C2,12400.0,inactive,419.32900000000024,6.538600000000005,0.0,4.0
36,MB37,O=C(C1=CC=CO1)/C=C/C2=CC=C(OCC3=CC=CC=C3)C(OC)=C2,66390.0,inactive,334.37100000000004,4.763300000000004,0.0,4.0
37,MB38,O=C(C1=CC=CO1)/C=C/C2=CC=C(OC)C(OCC3=CC=CC=C3)=C2,42160.0,inactive,334.371,4.763300000000004,0.0,4.0
38,MB39,O=C(/C=C/C1=C(Cl)C=C(Cl)C=C1)C2=C(OC)C(OC)=C(OC)C=C2,5400.0,intermediate,367.2280000000001,4.915300000000005,0.0,4.0
39,MB40,O=C(/C=C/C1=CC=C(N(C)C)C=C1)C2=C(OC)C(OC)=C(OC)C=C2,18000.0,inactive,341.4070000000001,3.6745000000000028,0.0,5.0
40,MB41,O=C(/C=C/C1=CC=C(C(F)(F)F)C=C1)C2=C(OC)C(OC)=C(OC)C=C2,3000.0,intermediate,366.3350000000001,4.627300000000004,0.0,4.0
41,MB42,O=C(/C=C/C1=C(OC)C=C(OC)C=C1)C2=C(OC)C(OC)=C(OC)C=C2,16500.0,inactive,358.3900000000001,3.625700000000003,0.0,6.0
42,MB43,O=C(/C=C/C1=CC=C(C)C=C1)C2=C(OC)C(OC)=C(OC)C=C2,25600.0,inactive,312.365,3.916920000000003,0.0,4.0
43,MB44,O=C(/C=C/C1=CC=C(CC)C=C1)C2=C(OC)C(OC)=C(OC)C=C2,16500.0,inactive,326.39200000000005,4.170900000000003,0.0,4.0
44,MB45,O=C(/C=C/C1=CC(C2=NC(C=CC=C3)=C3C=C2)=CC=C1)C4=C(OC)C(OC)=C(OC)C=C4,2000.0,intermediate,425.48400000000026,5.823700000000006,0.0,5.0
45,MB46,O=C(/C=C/C1=CC=C(C2=CC=C(C=CC=C3)C3=N2)C=C1)C4=C(OC)C(OC)=C(OC)C=C4,60000.0,inactive,425.48400000000026,5.823700000000006,0.0,5.0
46,MB47,O=C(/C=C/C1=CC=C(OC)C=C1)C2=C(OC)C(OC)=C(OC)C=C2,25000.0,inactive,328.3640000000001,3.6171000000000033,0.0,5.0
47,MB48,O=C(/C=C/C1=CC=C(F)C=C1)C2=C(OC)C(OC)=C(OC)C=C2,9500.0,intermediate,316.32800000000003,3.747600000000003,0.0,4.0
48,MB49,O=C(/C=C/C1=CC=C(C2=CC=CC=C2)C=C1)C3=C(OC)C(OC)=C(OC)C=C3,26200.0,inactive,374.4360000000002,5.275500000000005,0.0,4.0
49,MB50,O=C(/C=C/C1=C(F)C=C(F)C=C1)C2=C(OC)C(OC)=C(OC)C=C2,18500.0,inactive,334.3180000000001,3.886700000000003,0.0,4.0
50,MB51,O=C(/C=C/C1=CC=C([N+]([O-])=O)C=C1)C2=C(OC)C(OC)=C(OC)C=C2,22500.0,inactive,343.3350000000001,3.516700000000002,0.0,6.0
51,MB52,O=C(/C=C/C1=CC(Cl)=C(Cl)C=C1)C2=C(OC)C(OC)=C(OC)C=C2,14500.0,inactive,367.2280000000001,4.915300000000005,0.0,4.0
52,MB53,O=C(/C=C/C1=CC=C(Cl)C=C1)C2=C(OC)C(OC)=C(OC)C=C2,14500.0,inactive,332.7830000000001,4.261900000000004,0.0,4.0
53,MB54,O=C(/C=C/C1=C(Cl)C=CC=C1)C2=C(OC)C(OC)=C(OC)C=C2,41500.0,inactive,332.7830000000001,4.261900000000003,0.0,4.0
54,MB55,O=C(/C=C/C1=CC(Cl)=CC=C1)C2=C(OC)C(OC)=C(OC)C=C2,24400.0,inactive,332.7830000000001,4.261900000000003,0.0,4.0
55,MB56,O=C(/C=C/C1=CC=CC=C1)C2=C(OC)C(OC)=C(OC)C=C2,15800.0,inactive,298.338,3.608500000000002,0.0,4.0
56,MB57,O=C(/C=C/C1=C(OC)C=C(OC)C=C1)C2=CC=C(OCCCC)C=C2,108000.0,inactive,340.41900000000015,4.778800000000004,0.0,4.0
57,MB58,O=C(/C=C/C1=C(Cl)C=C(Cl)C=C1)C2=C(OC)C=C(OC)C=C2,18800.0,inactive,337.20200000000006,4.906700000000004,0.0,3.0
58,MB59,O=C(/C=C/C1=CC=C(C(F)(F)F)C=C1)C2=C(OC)C=C(OC)C=C2,5900.0,intermediate,336.309,4.618700000000004,0.0,3.0
59,MB60,O=C(/C=C/C1=C(F)C=C(F)C=C1)C2=C(OC)C=C(OC)C=C2,6200.0,intermediate,304.29200000000003,3.8781000000000017,0.0,3.0
60,MB61,O=C(/C=C/C1=C(OC)C=C(OC)C=C1)C2=C(OC)C=C(OC)C=C2,2100.0,intermediate,328.36400000000003,3.6171000000000024,0.0,5.0
61,MB62,O=C(/C=C/C1=CC=C([N+]([O-])=O)C=C1)C2=C(OC)C=C(OC)C=C2,415000.0,inactive,313.3090000000001,3.5081000000000016,0.0,5.0
62,MB63,O=C(C1=CC=C(C=C1)OC)/C=C/C2=CC=C(C=C2)N(C)C,70000.0,inactive,281.355,3.657300000000003,0.0,3.0
63,MB64,O=C(C1=CC=C(C=C1)OC)/C=C/C2=CC=C(C=C2)C#N,94500.0,inactive,263.296,3.4629800000000026,0.0,3.0
64,MB65,O=C(C1=CC=C(C=C1)OC)/C=C/C2=CC=CC=C2,55500.0,inactive,238.286,3.591300000000002,0.0,2.0
65,MB66,O=C(/C=C/C1=CC=C(CC)C=C1)C2=C(OC)C=C(OC)C=C2,2400.0,intermediate,296.366,4.162300000000003,0.0,3.0
66,MB67,O=C(/C=C/C1=CC(C2=NC(C=CC=C3)=C3C=C2)=CC=C1)C4=C(OC)C=C(OC)C=C4,2200.0,intermediate,395.4580000000002,5.8151000000000055,0.0,4.0
67,MB68,O=C(/C=C/C1=CC=C(C2=CC=C(C=CC=C3)C3=N2)C=C1)C4=C(OC)C=C(OC)C=C4,27000.0,inactive,395.4580000000002,5.8151000000000055,0.0,4.0
68,MB69,O=C(C1=C(C=C(C=C1)OC)OC)/C=C/C2=CC=C(C=C2)C,93800.0,inactive,282.339,3.9083200000000025,0.0,3.0
69,MB70,O=C(C1=C(C=C(C=C1)OC)OC)/C=C/C2=CC=C(C=C2)OC,128500.0,inactive,298.338,3.608500000000002,0.0,4.0
70,MB71,O=C(C1=C(C=C(C=C1)OC)OC)/C=C/C2=CC=C(C=C2)N(C)C,55300.0,inactive,311.38100000000003,3.6659000000000024,0.0,4.0
71,MB72,O=C(C1=C(C=C(C=C1)OC)OC)/C=C/C2=CC=C(F)C=C2,322000.0,inactive,286.30199999999996,3.7390000000000025,0.0,3.0
72,MB73,O=C(C1=C(C=C(C=C1)OC)OC)/C=C/C2=CC=C(Cl)C=C2,342000.0,inactive,302.75699999999995,4.253300000000003,0.0,3.0
73,MB74,O=C(C1=C(C=C(C=C1)OC)OC)/C=C/C2=CC=C(Br)C=C2,542500.0,inactive,347.20799999999997,4.362400000000003,0.0,3.0
74,MB75,O=C(C1=C(C=C(C=C1)OC)OC)/C=C/C2=CC=C(F)C=C2Cl,600000.0,inactive,320.74699999999996,4.392400000000003,0.0,3.0
75,MB76,O=C(C1=C(C=C(C=C1)OC)OC)/C=C/C2=CC=C(Cl)C(Cl)=C2,297500.0,inactive,337.202,4.9067000000000025,0.0,3.0
76,MB77,O=C(C1=C(C=C(C=C1)OC)OC)/C=C/C2=CC=CC3=C2C=CC=C3,320000.0,inactive,318.372,4.753100000000004,0.0,3.0
77,MB78,O=C(C1=CC=C(C=C1)OC)/C=C/C2=CC=C(O)C=C2,7000.0,intermediate,254.285,3.2969000000000017,1.0,3.0
78,MB79,O=C(C1=CC=C(C=C1)OC)/C=C/C2=CC=C(F)C=C2F,26800.0,inactive,274.26599999999996,3.869500000000002,0.0,2.0
79,MB80,O=C(/C=C/C1=CC=C(C=C1)OC)C2=CC=C(OC)C=C2,21700.0,inactive,268.31199999999995,3.5999000000000017,0.0,3.0
80,MB81,O=C(/C=C/C1=CC(C2=NC(C=CC=C3)=C3C=C2)=CC=C1)C4=CC=C(OC)C=C4,4800.0,intermediate,365.43200000000013,5.806500000000005,0.0,3.0
81,MB82,O=C(/C=C/C1=CC=C(C2=NC(C=CC=C3)=C3C=C2)C=C1)C4=CC=C(OC)C=C4,43000.0,inactive,365.43200000000013,5.806500000000005,0.0,3.0
82,MB83,O=C(/C=C/C1=CC=C(F)C=C1)C2=CC=C(OC)C=C2,14400.0,inactive,256.276,3.730400000000002,0.0,2.0
83,MB84,O=C(/C=C/C1=C(Cl)C=C(Cl)C=C1)C2=CC=C(OC)C=C2,16000.0,inactive,307.17600000000004,4.898100000000004,0.0,2.0
84,MB85,O=C(/C=C/C1=CC=C(C(F)(F)F)C=C1)C2=CC=C(OC)C=C2,19000.0,inactive,306.283,4.610100000000004,0.0,2.0
85,MB86,O=C(/C=C/C1=C(OC)C=C(OC)C=C1)C2=CC=C(OC)C=C2,6400.0,intermediate,298.338,3.608500000000002,0.0,4.0
86,MB87,O=C(/C=C/C1=CC=C(C)C=C1)C2=CC=C(OC)C=C2,70000.0,inactive,252.31300000000002,3.899720000000003,0.0,2.0
87,MB88,O=C(/C=C/C1=CC=C([N+]([O-])=O)C=C1)C2=CC=C(OC)C=C2,100000.0,inactive,283.283,3.499500000000002,0.0,4.0
88,MB89,O=C(/C=C/C1=C(F)C=C(F)C=C1)C2=CC=C(OCC)C=C2,28100.0,inactive,288.293,4.2596000000000025,0.0,2.0
89,MB90,O=C(/C=C/C1=CC=C(OC)C=C1)C2=CC=C(OCC)C=C2,33000.0,inactive,282.339,3.990000000000003,0.0,3.0
90,MB91,O=C(/C=C/C1=CC(C2=NC(C=CC=C3)=C3C=C2)=CC=C1)C4=CC=C(OCC)C=C4,24900.0,inactive,379.4590000000002,6.196600000000005,0.0,3.0
91,MB92,O=C(/C=C/C1=CC=C(C2=NC(C=CC=C3)=C3C=C2)C=C1)C4=CC=C(OCC)C=C4,100000.0,inactive,379.4590000000002,6.196600000000005,0.0,3.0
92,MB93,O=C(/C=C/C1=CC=C(F)C=C1)C2=CC=C(OCC)C=C2,24100.0,inactive,270.303,4.120500000000003,0.0,2.0
93,MB94,O=C(/C=C/C1=C(Cl)C=C(Cl)C=C1)C2=CC=C(OCC)C=C2,96000.0,inactive,321.2030000000001,5.288200000000004,0.0,2.0
94,MB95,O=C(/C=C/C1=CC=C(C(F)(F)F)C=C1)C2=CC=C(OCC)C=C2,24000.0,inactive,320.31000000000006,5.000200000000004,0.0,2.0
95,MB96,O=C(/C=C/C1=C(OC)C=C(OC)C=C1)C2=CC=C(OCC)C=C2,30000.0,inactive,312.36500000000007,3.9986000000000033,0.0,4.0
96,MB97,O=C(/C=C/C1=CC=C(C)C=C1)C2=CC=C(OCC)C=C2,38000.0,inactive,266.34,4.289820000000003,0.0,2.0
97,MB98,O=C(/C=C/C1=CC=C([N+]([O-])=O)C=C1)C2=CC=C(OCC)C=C2,39000.0,inactive,297.31000000000006,3.8896000000000024,0.0,4.0
98,MB99,O=C(/C=C/C1=CC=C(N(C)C)C=C1)C2=CC=C(OCC)C=C2,30000.0,inactive,295.382,4.047400000000003,0.0,3.0
99,MB100,O=C(/C=C/C1=CC=C(C#N)C=C1)C2=CC=C(OCC)C=C2,540000.0,inactive,277.323,3.853080000000003,0.0,3.0
100,MB101,O=C(/C=C/C1=CC=CC=C1)C2=CC=C(OCC)C=C2,43000.0,inactive,252.313,3.9814000000000025,0.0,2.0
101,MB102,O=C(/C=C/C1=C(Cl)C=C(Cl)C=C1)C2=CC=C(O)C=C2O,68500.0,inactive,309.148,4.3007000000000035,2.0,3.0
102,MB103,O=C(/C=C/C1=CC(C2=NC(C=CC=C3)=C3C=C2)=CC=C1)C4=CC=C(O)C=C4O,16100.0,inactive,367.4040000000001,5.209100000000005,2.0,4.0
103,MB104,O=C(/C=C/C1=C(F)C=C(F)C=C1)C2=CC=C(O)C=C2O,16000.0,inactive,276.23800000000006,3.2721000000000005,2.0,3.0
104,MB105,O=C(/C=C/C1=C(OC)C=C(OC)C=C1)C2=CC=C(O)C=C2O,56400.0,inactive,300.31,3.011100000000002,2.0,5.0
105,MB106,O=C(/C=C/C1=C2C(C=CC=C2)=CC=C1)C3=CC=C(O)C=C3O,24800.0,inactive,290.31800000000004,4.147100000000004,2.0,3.0
106,MB107,O=C(/C=C/C1=CC=C(C(F)(F)F)C=C1)C2=CC=C(O)C=C2O,26500.0,inactive,308.255,4.012700000000003,2.0,3.0
107,MB108,O=C(/C=C/C1=C(C2=NC=CC=C2)C=CC=C1)C3=CC=C(O)C=C3O,19700.0,inactive,317.3440000000001,4.055900000000003,2.0,4.0
108,MB109,O=C(C1=CC=C(C=C1O)O)/C=C/C2=CC=CC=C2C3=C(C=CC=C4)C4=CC=C3,20000.0,inactive,366.41600000000005,5.814100000000005,2.0,3.0
109,MB110,O=C(C1=CC=C(C=C1O)O)/C=C/C2=CC=C(C3=NC=CC=C3)C=C2,121600.0,inactive,317.344,4.055900000000003,2.0,4.0
110,MB111,O=C(C1=CC=C(C=C1O)O)/C=C/C2=CC=C(C3=NC(C=CC=C4)=C4C=C3)C=C2,92800.0,inactive,367.40400000000005,5.209100000000004,2.0,4.0
111,MB112,O=C(C1=CC=C(C=C1O)O)/C=C/C2=CC=C(Cl)C=C2,12300.0,inactive,274.703,3.647300000000002,2.0,3.0
112,MB113,O=C(C1=CC=C(C=C1)O)/C=C/C2=CC=CC3=C2C=CC=C3,39900.0,inactive,274.319,4.441500000000002,1.0,2.0
113,MB114,O=C(C1=CC=C(C=C1)O)/C=C/C2=CC=CC(C3=NC(C=CC=C4)=C4C=C3)=C2,41000.0,inactive,351.40500000000003,5.503500000000004,1.0,3.0
114,MB115,O=C(C1=CC=C(C=C1)O)/C=C/C2=CC=CC=C2C3=NC=CC=C3,16300.0,inactive,301.345,4.3503000000000025,1.0,3.0
115,MB116,O=C(C1=CC=C(C=C1)O)/C=C/C2=CC=C(C3=NC(C=CC=C4)=C4C=C3)C=C2,51000.0,inactive,351.40500000000003,5.503500000000005,1.0,3.0
116,MB117,O=C(C1=CC=C(C=C1)O)/C=C/C2=CC=CC=C2C3=C(C=CC=C4)C4=CC=C3,27500.0,inactive,350.41700000000003,6.108500000000005,1.0,2.0
117,MB118,O=C(C1=CC=C(C=C1)O)/C=C/C2=CC=C(Cl)C=C2,38000.0,inactive,258.704,3.9417000000000018,1.0,2.0
118,MB119,O=C(C1=CC=C(C=C1)O)/C=C/C2=CC=CC=C2Cl,61700.0,inactive,258.704,3.9417000000000018,1.0,2.0
119,MB120,O=C(C1=CC=C(C=C1)O)/C=C/C2=CC=CC(Cl)=C2,33100.0,inactive,258.704,3.9417000000000018,1.0,2.0
120,MB121,O=C(C1=CC=C(C=C1)O)/C=C/C2=CC=C(OC)C=C2,32200.0,inactive,254.285,3.2969000000000017,1.0,3.0
121,MB122,O=C(C1=CC=C(C=C1)O)/C=C/C2=CC=C(C)C=C2,25400.0,inactive,238.286,3.596720000000002,1.0,2.0
122,MB123,O=C(C1=CC=C(C=C1)O)/C=C/C2=CC=CC(C)=C2,25800.0,inactive,238.286,3.596720000000002,1.0,2.0
123,MB124,O=C(C1=CC=C(C=C1)O)/C=C/C2=CC=C(CCCC)C=C2,20900.0,inactive,280.36699999999996,4.630900000000003,1.0,2.0
124,MB125,O=C(C1=CC=C(C=C1)O)/C=C/C2=CC=C(C(F)(F)F)C=C2,30400.0,inactive,292.256,4.307100000000002,1.0,2.0
125,MB126,O=C(C1=CC=C(C=C1)O)/C=C/C2=CC=C([N+]([O-])=O)C=C2,20400.0,inactive,269.256,3.196500000000002,1.0,4.0
126,MB127,O=C(C1=CC=C(C=C1)O)/C=C/C2=CC=C(F)C=C2,21700.0,inactive,242.249,3.4274000000000013,1.0,2.0
127,MB128,O=C(C1=CC=C(C=C1)O)/C=C/C2=CC=C(Cl)C(Cl)=C2,18400.0,inactive,293.149,4.595100000000001,1.0,2.0
128,MB129,O=C(C1=CC=C(C=C1)O)/C=C/C2=CC=C(N(C)C)C=C2,17700.0,inactive,267.328,3.354300000000002,1.0,3.0
129,MB130,O=C(C1=CC=C(C=C1)O)/C=C/C2=CC=C(Cl)C=C2Cl,24500.0,inactive,293.149,4.595100000000001,1.0,2.0
130,MB131,O=C(C1=CC=C(C=C1)O)/C=C/C2=CC=CC=C2,29600.0,inactive,224.25900000000001,3.2883000000000013,1.0,2.0
131,MB132,O=C(C1=CC=CC=C1O)/C=C/C2=C(Cl)C=C(Cl)C=C2,35450.0,inactive,293.149,4.595100000000002,1.0,2.0
132,MB133,O=C(C1=CC=CC=C1O)/C=C/C2=CC=C(N(C)C)C=C2,188000.0,inactive,267.328,3.354300000000002,1.0,3.0
133,MB134,O=C(C1=CC=CC=C1O)/C=C/C2=CC(C3=NC(C=CC=C4)=C4C=C3)=CC=C2,28000.0,inactive,351.40500000000003,5.503500000000005,1.0,3.0
134,MB135,O=C(C1=CC=CC=C1O)/C=C/C2=CC=C(Cl)C=C2,12850.0,inactive,258.704,3.9417000000000018,1.0,2.0
135,MB136,O=C(C1=CC=CC=C1O)/C=C/C2=CC=C(C)C=C2,62500.0,inactive,238.286,3.596720000000002,1.0,2.0
136,MB137,O=C(C1=CC=CC=C1O)/C=C/C2=CC=C(OC)C=C2,61500.0,inactive,254.285,3.2969000000000017,1.0,3.0
137,MB138,O=C(C1=CC=CC=C1O)/C=C/C2=C(OC)C=C(OC)C=C2,25500.0,inactive,284.311,3.305500000000001,1.0,4.0
138,MB139,O=C(C1=CC=CC=C1O)/C=C/C2=CC=C(C(F)(F)F)C=C2,35500.0,inactive,292.256,4.307100000000002,1.0,2.0
139,MB140,O=C(C1=CC=CC=C1O)/C=C/C2=CC=C(F)C=C2,47000.0,inactive,242.249,3.4274000000000013,1.0,2.0
140,MB141,O=C(C1=CC=CC=C1O)/C=C/C2=C(C3=NC=CC=C3)C=CC=C2,31000.0,inactive,301.345,4.350300000000003,1.0,3.0
141,MB142,O=C(C1=CC=CC=C1O)/C=C/C2=C3C(C=CC=C3)=CC=C2,32500.0,inactive,274.319,4.441500000000003,1.0,2.0
142,MB143,O=C(C1=CC=CC=C1O)/C=C/C2=C(C3=C(C=CC=C4)C4=CC=C3)C=CC=C2,29500.0,inactive,350.41700000000003,6.108500000000006,1.0,2.0
143,MB149,O=C(/C=C/C1=CC2=C(C=C(OC)C(OC)=C2)N=C1Cl)C3=CC=CC=C3,20000.0,inactive,353.805,4.801500000000003,0.0,4.0
144,MB150,O=C(/C=C/C1=CC2=C(C=C(OC)C(OC)=C2)N=C1Cl)C3=CC=C(C)C=C3,50000.0,inactive,367.83200000000005,5.109920000000004,0.0,4.0
145,MB151,O=C(/C=C/C1=CC2=C(C=C(OC)C(OC)=C2)N=C1Cl)C3=CC=C(Br)C=C3,70000.0,inactive,432.701,5.564000000000004,0.0,4.0
146,MB153,O=C(/C=C/C1=CC2=C(C=C(OC)C(OC)=C2)N=C1Cl)C3=CC=C(OC)C=C3OC,40000.0,inactive,413.85700000000014,4.818700000000004,0.0,6.0
147,MB154,O=C(/C=C/C1=CC2=C(C=C(OC)C(OC)=C2)N=C1Cl)C3=CC(OC)=CC=C3OC,40000.0,inactive,413.85700000000014,4.818700000000004,0.0,6.0
148,MB155,O=C(/C=C/C1=CC2=C(C=C(OC)C(OC)=C2)N=C1Cl)C3=C(OC)C=CC=C3OC,100000.0,inactive,413.85700000000014,4.818700000000004,0.0,6.0
149,MB161,O=C(/C(OC1=CC=C(/C=N\NC2=C(C=CC(Cl)=C3)C3=NC=C2)C=C1)=C\C4=CC=CC=C4)C5=CC=C(Cl)C=C5,78.77,active,538.4340000000002,8.290400000000004,1.0,5.0
150,MB162,O=C(/C(OC1=CC=C(/C=N\NC2=C(C=CC(Cl)=C3)C3=NC=C2)C=C1)=C\C4=CC=C(C)C=C4)C5=CC=C(Cl)C=C5,111.68,active,552.4610000000002,8.598820000000002,1.0,5.0
151,MB163,O=C(/C(OC1=CC=C(/C=N\NC2=C(C=CC(Cl)=C3)C3=NC=C2)C=C1)=C\C4=CC=C(OC)C=C4)C5=CC=C(Cl)C=C5,48.09,active,568.4600000000003,8.299000000000005,1.0,6.0
152,MB164,O=C(/C(OC1=CC=C(/C=N\NC2=C(C=CC(Cl)=C3)C3=NC=C2)C=C1)=C\C4=C(OC)C=CC(OC)=C4)C5=CC=C(Cl)C=C5,250.41,active,598.4860000000002,8.307600000000004,1.0,7.0
153,MB165,O=C(/C(OC1=CC=C(/C=N\NC2=C(C=CC(Cl)=C3)C3=NC=C2)C=C1)=C\C4=CC=C(OC)C(OC)=C4)C5=CC=C(Cl)C=C5,84.03,active,598.4860000000002,8.307600000000004,1.0,7.0
154,MB166,O=C(/C(OC1=CC=C(/C=N\NC2=C(C=CC(Cl)=C3)C3=NC=C2)C=C1)=C\C4=C(OC)C(OC)=C(OC)C=C4)C5=CC=C(Cl)C=C5,123.5,active,628.5120000000003,8.316200000000006,1.0,8.0
155,MB167,O=C(/C(OC1=CC=C(/C=N\NC2=C(C=CC(Cl)=C3)C3=NC=C2)C=C1)=C\C4=C(OC)C=C(OC)C(OC)=C4)C5=CC=C(Cl)C=C5,90.49,active,628.5120000000003,8.316200000000006,1.0,8.0
156,MB168,O=C(/C(OC1=CC=C(/C=N\NC2=C(C=CC(Cl)=C3)C3=NC=C2)C=C1)=C\C4=CC(OC)=C(OC)C(OC)=C4)C5=CC=C(Cl)C=C5,95.31,active,628.5120000000003,8.316200000000006,1.0,8.0
157,MB169,O=C(/C(OC1=CC=C(/C=N\NC2=C(C=CC(Cl)=C3)C3=NC=C2)C=C1)=C\C4=COC=C4)C5=CC=C(Cl)C=C5,57.3,active,528.3950000000002,7.883400000000005,1.0,6.0
158,MB170,O=C(/C(OC1=CC=C(/C=N\NC2=C(C=CC(Cl)=C3)C3=NC=C2)C=C1)=C\C4=CC=C(F)C=C4)C5=CC=C(Cl)C=C5,29.06,active,556.4240000000002,8.429500000000003,1.0,5.0
159,MB171,O=C(/C(OC1=CC=C(/C=N\NC2=C(C=CC(Cl)=C3)C3=NC=C2)C=C1)=C\C4=CC=C(Cl)C=C4)C5=CC=C(Cl)C=C5,144.69,active,572.8790000000001,8.9438,1.0,5.0
160,MB172,O=C(/C(OC1=CC=C(/C=N\NC2=C(C=CC(Cl)=C3)C3=NC=C2)C=C1)=C\C4=C(F)C=C(F)C=C4)C5=CC=C(Cl)C=C5,138.81,active,574.4140000000001,8.568600000000002,1.0,5.0
161,MB173,O=C(/C(OC1=CC=C(/C=N\NC2=C(C=CC(Cl)=C3)C3=NC=C2)C=C1)=C\C4=C(Cl)C=C(Cl)C=C4)C5=CC=C(Cl)C=C5,295.42,active,607.3240000000002,9.597199999999994,1.0,5.0
162,MB174,O=C(/C(OC1=CC=C(/C=N\NC2=C(C=CC(Cl)=C3)C3=NC=C2)C=C1)=C\C4=CC([N+]([O-])=O)=CC=C4)C5=CC=C(Cl)C=C5,128.12,active,583.4310000000002,8.198600000000004,1.0,7.0
163,MB176,O=C1C(C)=CC(/C=C/C(C2=CC=C(C)C=C2)=O)=C/C1=C\NCCNC3=CC=NC4=CC(Cl)=CC=C34,20.14,active,483.9990000000002,5.976520000000005,2.0,5.0
164,MB177,O=C1C(C)=CC(/C=C/C(C2=CC=C(O)C=C2)=O)=C/C1=C\NCCNC3=CC=NC4=CC(Cl)=CC=C34,7.46,active,485.9710000000002,5.373700000000004,3.0,6.0
165,MB178,O=C1C(C)=CC(/C=C/C(C2=CC=C(OC)C=C2)=O)=C/C1=C\NCCNC3=CC=NC4=CC(Cl)=CC=C34,33.34,active,499.9980000000002,5.676700000000005,2.0,6.0
166,MB179,O=C1C(C)=CC(/C=C/C(C2=CC=C(F)C=C2)=O)=C/C1=C\NCCNC3=CC=NC4=CC(Cl)=CC=C34,22.23,active,487.96200000000016,5.8072000000000035,2.0,5.0
167,MB180,O=C1C(C)=CC(/C=C/C(C2=CC=C(Cl)C=C2)=O)=C/C1=C\NCCNC3=CC=NC4=CC(Cl)=CC=C34,44.03,active,504.4170000000002,6.321500000000004,2.0,5.0
168,MB181,O=C1C(C)=CC(/C=C/C(C2=CC=C(Br)C=C2)=O)=C/C1=C\NCCNC3=CC=NC4=CC(Cl)=CC=C34,34.34,active,548.8680000000002,6.430600000000004,2.0,5.0
169,MB182,O=C1C(C)=CC(/C=C/C(C2=CC(OC)=C(OC)C(OC)=C2)=O)=C/C1=C\NCCNC3=CC=NC4=CC(Cl)=CC=C34,19.06,active,560.0500000000002,5.6939000000000055,2.0,8.0
170,MB183,O=C1C(C)=CC(/C=C/C(C2=CC=CS2)=O)=C/C1=C\NCCNC3=CC=NC4=CC(Cl)=CC=C34,20.48,active,476.00100000000015,5.729600000000003,2.0,6.0
171,MB184,O=C1C(C(C)CC)=CC(/C=C/C(C2=CC=C(C)C=C2)=O)=C/C1=C\NCCNC3=CC=NC4=CC(Cl)=CC=C34,25.9,active,526.0800000000002,7.002720000000005,2.0,5.0
172,MB185,O=C1C(C(C)CC)=CC(/C=C/C(C2=CC=C(O)C=C2)=O)=C/C1=C\NCCNC3=CC=NC4=CC(Cl)=CC=C34,41.71,active,528.0520000000002,6.399900000000005,3.0,6.0
173,MB186,O=C1C(C(C)CC)=CC(/C=C/C(C2=CC=C(OC)C=C2)=O)=C/C1=C\NCCNC3=CC=NC4=CC(Cl)=CC=C34,33.68,active,542.0790000000002,6.702900000000006,2.0,6.0
174,MB187,O=C1C(C(C)CC)=CC(/C=C/C(C2=CC=C(Cl)C=C2)=O)=C/C1=C\NCCNC3=CC=NC4=CC(Cl)=CC=C34,32.77,active,546.4980000000002,7.347700000000006,2.0,5.0
175,MB188,O=C1C(C(C)CC)=CC(/C=C/C(C2=CC=CO2)=O)=C/C1=C\NCCNC3=CC=NC4=CC(Cl)=CC=C34,14.12,active,502.0140000000002,6.287300000000005,2.0,6.0
176,MB189,O=C1C(C(C)CC)=CC(/C=C/C(C2=CC=CS2)=O)=C/C1=C\NCCNC3=CC=NC4=CC(Cl)=CC=C34,17.56,active,518.0820000000002,6.755800000000005,2.0,6.0
177,MB190,O=C1C(C(C)(C)C)=CC(/C=C/C(C2=CC=C(F)C=C2)=O)=C/C1=C\NCCNC3=CC=NC4=CC(Cl)=CC=C34,13.56,active,530.0430000000001,6.833400000000005,2.0,5.0
178,MB191,O=C1C(C(C)(C)C)=CC(/C=C/C(C2=CC=C(Cl)C=C2)=O)=C/C1=C\NCCNC3=CC=NC4=CC(Cl)=CC=C34,51.54,active,546.4980000000002,7.347700000000006,2.0,5.0
179,MB192,O=C1C(C(C)(C)C)=CC(/C=C/C(C2=CC=C(Br)C=C2)=O)=C/C1=C\NCCNC3=CC=NC4=CC(Cl)=CC=C34,7.85,active,590.9490000000001,7.4568000000000065,2.0,5.0
180,MB193,O=C1C(C)=CC(/C=C/C(C2=CC=C(O)C=C2)=O)=C/C1=C\NCCCNC3=CC=NC4=CC(Cl)=CC=C34,59.42,active,499.9980000000002,5.763800000000003,3.0,6.0
181,MB194,O=C1C(C)=CC(/C=C/C(C2=CC=C(OC)C=C2)=O)=C/C1=C\NCCCNC3=CC=NC4=CC(Cl)=CC=C34,75.4,active,514.0250000000002,6.066800000000005,2.0,6.0
182,MB195,O=C1C(C)=CC(/C=C/C(C2=CC=C(Cl)C=C2)=O)=C/C1=C\NCCCNC3=CC=NC4=CC(Cl)=CC=C34,82.67,active,518.4440000000002,6.711600000000004,2.0,5.0
183,MB196,O=C1C(C(C)CC)=CC(/C=C/C(C2=CC=C(O)C=C2)=O)=C/C1=C\NCCCNC3=CC=NC4=CC(Cl)=CC=C34,78.29,active,542.0790000000003,6.790000000000005,3.0,6.0
184,MB197,O=C1C(C(C)CC)=CC(/C=C/C(C2=CC=C(OC)C=C2)=O)=C/C1=C\NCCCNC3=CC=NC4=CC(Cl)=CC=C34,75.23,active,556.1060000000002,7.093000000000006,2.0,6.0
185,MB198,O=C1C(C(C)CC)=CC(/C=C/C(C2=CC=C(Cl)C=C2)=O)=C/C1=C\NCCCNC3=CC=NC4=CC(Cl)=CC=C34,74.8,active,560.5250000000002,7.737800000000006,2.0,5.0
186,MB199,O=C1C(C)=CC(/C=C/C(C2=CC=C(OC)C=C2)=O)=C/C1=C\NC(C=C3)=CC=C3NC4=CC=NC5=CC(Cl)=CC=C45,365.94,active,548.0420000000001,7.830700000000005,2.0,6.0
187,MB200,O=C1C(C)=CC(/C=C/C(C2=CC=C(F)C=C2)=O)=C/C1=C\NC(C=C3)=CC=C3NC4=CC=NC5=CC(Cl)=CC=C45,299.06,active,536.0060000000001,7.961200000000005,2.0,5.0
188,MB201,O=C1C(C(CC)C)=CC(/C=C/C(C2=CC=CO2)=O)=C/C1=C\NC(C=C3)=CC=C3NC4=CC=NC5=CC(Cl)=CC=C45,145.45,active,550.0580000000001,8.441300000000004,2.0,6.0
189,MB202,O=C1C(C(C)(C)C)=CC(/C=C/C(C2=CC=C(Cl)C=C2)=O)=C/C1=C\NC(C=C3)=CC=C3NC4=CC=NC5=CC(Cl)=CC=C45,638.84,active,594.5420000000001,9.501699999999998,2.0,5.0
190,MB204,O=C(C1=CC=C(OC)C=C1O)/C=C/C2=CC=C(N(CC)CC)C=C2,7280.0,intermediate,325.4080000000001,4.143100000000003,1.0,4.0
191,MB205,O=C(C1=CC=C(OC)C=C1O)/C=C/C2=CC=C(O)C(O)=C2,590.0,active,286.283,2.7081000000000017,3.0,5.0
192,MB206,O=C(C1=CC=C(Cl)C=C1)/C=C/C2=CC=C(O)C(OC)=C2,25840.0,inactive,288.7300000000001,3.950300000000002,1.0,3.0
193,MB207,O=C(C1=CC=C(Cl)C=C1)/C=C/C2=CC=C(OCC=C)C(OC)=C2,5260.0,intermediate,328.79500000000013,4.809500000000004,0.0,3.0
194,MB208,O=C(C1=CC=C(Cl)C=C1)/C=C/C2=CC=C(OC)C(OC)=C2,7300.0,intermediate,302.75700000000006,4.253300000000004,0.0,3.0
195,MB209,O=C(C1=CC=C(OC)C(OC)=C1)/C=C/C2=CC=C(OC)C(OC)=C2,5360.0,intermediate,328.3640000000001,3.6171000000000024,0.0,5.0
196,MB210,O=C(C1=CC=C(OC)C(OC)=C1)/C=C/C2=CC(OC)=C(OC)C(Cl)=C2,11380.0,inactive,362.8090000000001,4.270500000000004,0.0,5.0
197,MB211,O=C(/C=C/C1=CC(OC)=C(OC)C(OC)=C1)C2=CC3=CC=CC=C3OC2=O,8460.0,intermediate,366.3690000000001,3.7149000000000028,0.0,6.0
198,MB212,O=C(/C=C/C1=CC=C(O)C(OC)=C1)C2=CC3=CC=CC=C3OC2=O,34120.0,inactive,322.3160000000001,3.4033000000000024,1.0,5.0
199,MB213,O=C(/C=C/C1=CC=C(OC)C(OC)=C1)C2=CC3=CC=CC=C3OC2=O,79380.0,inactive,336.3430000000001,3.7063000000000024,0.0,5.0
200,MB215,O=C(/C=C/C1=CC(OC)=CC=C1OC)C2=CC3=CC=CC=C3OC2=O,8020.0,intermediate,336.3430000000001,3.7063000000000024,0.0,5.0
201,MB216,O=C(/C=C/C1=CC=C(OC)C(OC)=C1OC)C2=CC3=CC=CC=C3OC2=O,9210.0,intermediate,366.3690000000001,3.7149000000000028,0.0,6.0
202,MB219,O=C(/C=C/C1=CC=CC=C1Cl)C2=C(O)C3=C(C=C2)OC(C=C3C)=O,58690.0,inactive,340.7620000000001,4.356520000000002,1.0,4.0
203,MB222,O=C(/C=C/C1=CC=C(Cl)C=C1)C2=CC=C(N3C4=CC=CC=C4N=N3)C=C2,6940.0,intermediate,359.81600000000003,4.970000000000004,0.0,4.0
204,MB223,O=C(/C=C/C1=CC=C(Cl)C=C1)C2=CC=C(N3C=CC=N3)C=C2,25130.0,inactive,308.76800000000003,4.421800000000004,0.0,3.0
205,MB224,O=C(/C=C/C1=CC=C(Cl)C=C1)C2=CC=C(N3CCCC3)C=C2,19270.0,inactive,311.81200000000007,4.836300000000004,0.0,2.0
206,MB225,O=C(/C=C/C1=CC=C(Cl)C=C1)C2=CC=C(N3CCOCC3)C=C2,27750.0,inactive,327.8110000000001,4.072700000000003,0.0,3.0
207,MB226,O=C(/C=C/C1=CC=C(Cl)C=C1)C2=CC=C(N3C=CN=C3)C=C2,26750.0,inactive,308.76800000000003,4.421800000000004,0.0,3.0
208,MB227,O=C(/C=C/C1=CC=C(Cl)C=C1)C2=CC=C(N3N=CN=C3)C=C2,4900.0,intermediate,309.75600000000003,3.8168000000000033,0.0,4.0
209,MB228,O=C(/C=C/C1=CC=C(Cl)C=C1)C2=CC=C(N3CCCCC3)C=C2,15800.0,inactive,325.8390000000001,5.226400000000004,0.0,2.0
210,MB229,O=C(/C=C/C1=CC=C(OC)C=C1)C2=CC=C(N3N=CC=C3)C=C2,40510.0,inactive,304.34900000000005,3.777000000000003,0.0,4.0
211,MB230,O=C(/C=C/C1=CC=C(OC)C=C1)C2=CC=C(N3N=NC4=C3C=CC=C4)C=C2,19130.0,inactive,355.3970000000001,4.325200000000003,0.0,5.0
212,MB231,O=C(/C=C/C1=CC(OC)=C(OC)C(OC)=C1)C2=CC=C(N3CCCCC3)C=C2,18760.0,inactive,381.4720000000002,4.598800000000004,0.0,5.0
213,MB232,O=C(/C=C/C1=CC(OC)=C(OC)C(OC)=C1)C2=CC=C(N3C=CC=N3)C=C2,16460.0,inactive,364.401,3.7942000000000027,0.0,6.0
214,MB233,O=C(/C=C/C1=CC(OC)=C(OC)C(OC)=C1)C2=CC=C(N3CCOCC3)C=C2,11990.0,inactive,383.4440000000002,3.445100000000002,0.0,6.0
215,MB234,O=C(/C=C/C1=CC(OC)=C(OC)C(OC)=C1)C2=CC=C(N3C=NC=N3)C=C2,21970.0,inactive,365.389,3.1892000000000014,0.0,7.0
216,MB235,CC1=CSC2=NC(/C=C\C3=CC=CC=C3)=C(C(/C=C/C4=CC=CC=C4)=O)C(C5=CC=CC=C5)N21,1230.0,intermediate,460.60200000000015,7.257400000000007,0.0,4.0
217,MB236,CC1=CSC2=NC(/C=C\C3=CC=C(Cl)C=C3)=C(C(/C=C/C4=CC=C(Cl)C=C4)=O)C(C5=CC=CC=C5)N21,9720.0,intermediate,529.4920000000002,8.564200000000003,0.0,4.0
218,MB237,O=C(C1=C(/C=C/C2=CC=CC(Cl)=C2)N=C(SC=C3C)N3C1C4=CC=CC=C4)/C=C/C5=CC=CC(Cl)=C5,1490.0,intermediate,529.4920000000002,8.564200000000003,0.0,4.0
219,MB238,O=C(C1=C(/C=C/C2=C(Cl)C=CC=C2)N=C(SC=C3C)N3C1C4=CC=CC=C4)/C=C/C5=CC=CC=C5Cl,1050.0,intermediate,529.4920000000002,8.564200000000001,0.0,4.0
220,MB239,O=C(C1=C(/C=C/C2=CC=C(Br)C=C2)N=C(SC=C3C)N3C1C4=CC=CC=C4)/C=C/C5=CC=C(Br)C=C5,8700.0,intermediate,618.3940000000001,8.7824,0.0,4.0
221,MB240,O=C(C1=C(/C=C/C2=CC=C(F)C=C2)N=C(SC=C3C)N3C1C4=CC=CC=C4)/C=C/C5=CC=C(F)C=C5,5390.0,intermediate,496.58200000000016,7.535600000000007,0.0,4.0
222,MB241,O=C(C1=C(/C=C/C2=CC=C(OC)C=C2)N=C(SC=C3C)N3C1C4=CC=CC=C4)/C=C/C5=CC=C(OC)C=C5,4200.0,intermediate,520.6540000000002,7.2746000000000075,0.0,6.0
223,MB242,O=C(C1=C(/C=C/C2=CC=C(OCC3=CC=CC=C3)C=C2)N=C(SC=C4C)N4C1C5=CC=CC=C5)/C=C/C6=CC=C(OCC7=CC=CC=C7)C=C6,36440.0,inactive,672.8500000000001,10.415399999999993,0.0,6.0
224,MB243,O=C(C1=C(/C=C/C2=CC(OC)=C(OC)C(OC)=C2)N=C(SC=C3C)N3C1C4=CC=CC=C4)/C=C/C5=CC(OC)=C(OC)C(OC)=C5,780.0,active,640.758,7.309000000000008,0.0,10.0
225,MB244,O=C(C1=C(/C=C/C2=CC=C(OCO3)C3=C2)N=C(SC=C4C)N4C1C5=CC=CC=C5)/C=C/C6=CC=C(OCO7)C7=C6,9240.0,intermediate,548.6200000000001,6.714800000000006,0.0,8.0
226,MB245,O=C(C1=C(/C=C/C2=CC=CC=C2)N=C(SC=C3C)N3C1C4=CC=C(OC)C=C4)/C=C/C5=CC=CC=C5,4300.0,intermediate,490.62800000000016,7.266000000000007,0.0,5.0
227,MB246,O=C(C1=C(/C=C/C2=CC=C(Cl)C=C2)N=C(SC=C3C)N3C1C4=CC=C(OC)C=C4)/C=C/C5=CC=C(Cl)C=C5,9470.0,intermediate,559.5180000000003,8.572800000000003,0.0,5.0
228,MB247,O=C(C1=C(/C=C/C2=CC=C(F)C=C2)N=C(SC=C3C)N3C1C4=CC=C(OC)C=C4)/C=C/C5=CC=C(F)C=C5,9770.0,intermediate,526.6080000000003,7.544200000000007,0.0,5.0
229,MB248,O=C(C1=C(/C=C/C2=CC=C(OCO3)C3=C2)N=C(SC=C4C)N4C1C5=CC=C(OC)C=C5)/C=C/C6=CC=C(OCO7)C7=C6,6800.0,intermediate,578.6460000000001,6.723400000000006,0.0,9.0
230,MB249,O=C(C1=C(/C=C/C2=CC=CS2)N=C(SC=C3C)N3C1C4=CC=C(OC)C=C4)/C=C/C5=CC=CS5,10280.0,inactive,502.6860000000002,7.3890000000000065,0.0,7.0
231,MB250,O=C(C1=C(/C=C\C2=CC(OC)=C(OC)C(OC)=C2)N=C(SC=C3C)N3C1C4=CC(OC)=C(OC)C(OC)=C4)/C=C/C5=CC(OC)=C(OC)C(OC)=C5,9330.0,intermediate,730.8360000000001,7.334800000000009,0.0,13.0
232,MB251,O=C(C1=C(/C=C/C2=CC=C(OC)C=C2)N=C(SC=C3C)N3C1C4=CC(OC)=C(OC)C(OC)=C4)/C=C/C5=CC=C(OC)C=C5,2570.0,intermediate,610.7320000000003,7.300400000000009,0.0,9.0
233,MB252,O=C(C1=C(/C=C/C2=CC=CC=C2)N=C(SC=C3C)N3C1C4=CC=C(Cl)C=C4)/C=C/C5=CC=CC=C5,1010.0,intermediate,495.0470000000001,7.910800000000007,0.0,4.0
234,MB253,O=C(C1=C(/C=C/C2=CC=CC=C2Cl)N=C(SC=C3C)N3C1C4=CC=C(Cl)C=C4)/C=C/C5=CC=CC=C5Cl,10460.0,inactive,563.9370000000001,9.217599999999997,0.0,4.0
235,MB254,O=C(C1=C(/C=C/C2=CC=CC(Cl)=C2)N=C(SC=C3C)N3C1C4=CC=C(Cl)C=C4)/C=C/C5=CC=CC(Cl)=C5,3980.0,intermediate,563.9370000000001,9.217599999999997,0.0,4.0
236,MB255,O=C(C1=C(/C=C/C2=CC=C(Cl)C=C2)N=C(SC=C3C)N3C1C4=CC=C(Cl)C=C4)/C=C/C5=CC=C(Cl)C=C5,1500.0,intermediate,563.9370000000001,9.217599999999997,0.0,4.0
237,MB256,O=C(C1=C(/C=C/C2=CC=C(Br)C=C2)N=C(SC=C3C)N3C1C4=CC=C(Cl)C=C4)/C=C/C5=CC=C(Br)C=C5,2010.0,intermediate,652.8390000000002,9.435799999999997,0.0,4.0
238,MB257,O=C(C1=C(/C=C/C2=CC=C(OCC3=CC=CC=C3)C=C2)N=C(SC=C4C)N4C1C5=CC=C(Cl)C=C5)/C=C/C6=CC=C(OCC7=CC=CC=C7)C=C6,9860.0,intermediate,707.2950000000001,11.068799999999987,0.0,6.0
239,MB258,O=C(C1=CC=C(OC)C=C1)/C=C/C2=CC=C(Cl)C=C2,88000.0,inactive,272.731,4.2447000000000035,0.0,2.0
240,MB260,O=C(C1=CC=C([N+]([O-])=O)C=C1)/C=C/C2=CC=CS2,169900.0,inactive,259.286,3.5524000000000013,0.0,4.0
241,MB261,O=C(C1=CC=C(OCO2)C2=C1)/C=C/C3=CC=C(Cl)C=C3,97900.0,inactive,286.71400000000006,3.964800000000003,0.0,3.0
242,MB262,O=C(C1=CC=C(O)C=C1)/C=C/C2=CC=C(Cl)C=C2,30000.0,inactive,258.704,3.9417000000000018,1.0,2.0
243,MB263,O=C(C1=CC=C(OCC=C)C=C1)/C=C/C2=CC=C(Cl)C=C2,75000.0,inactive,298.769,4.800900000000004,0.0,2.0
244,MB264,O=C(C1=CC=C(Cl)C=C1)/C=C/C2=CC=C(Cl)C=C2,65000.0,inactive,277.15000000000003,4.889500000000003,0.0,1.0
245,MB265,O=C(C1=CC=C(Br)C=C1)/C=C/C2=CC=C(Cl)C=C2,50000.0,inactive,321.601,4.998600000000002,0.0,1.0
246,MB266,O=C(C1=CC=C([N+]([O-])=O)C=C1)/C=C/C2=CC=C(Cl)C=C2,78000.0,inactive,287.702,4.144300000000002,0.0,3.0
247,MB268,O=C(C1=CC=C(Cl)C=C1)/C=C/C2=CC=C(OC)C=C2,28800.0,inactive,272.731,4.2447000000000035,0.0,2.0
248,MB269,O=C(C1=CC=C(Cl)C=C1)/C=C/C2=CC=C(OC)C=C2OC,6000.0,intermediate,302.75700000000006,4.253300000000004,0.0,3.0
249,MB270,O=C(C)/C=C/C1=CC=C(OC)C=C1OC,48500.0,inactive,206.24099999999996,2.306,0.0,3.0
250,MB271,O=C(C1=CC=C(Cl)C=C1)/C=C/C2=C(OC)C=C(OC)C(OC)=C2,4000.0,intermediate,332.78300000000013,4.261900000000004,0.0,4.0
251,MB272,O=C(C1=CC=C(Cl)C=C1)/C=C/C2=C(OC)C=C(OC)C=C2OC,8000.0,intermediate,332.78300000000013,4.261900000000004,0.0,4.0
252,MB273,O=C(C1=CC=C(Cl)C=C1)/C=C/C2=CC(OC)=C(OC)C(OC)=C2,4600.0,intermediate,332.78300000000013,4.261900000000004,0.0,4.0
253,MB274,O=C(C1=CC=C(Br)C=C1)/C=C(C2=CN(CC=C)C3=C2C=CC=C3)/C4=C(OC)C=C(OC)C(OC)=C4,17500.0,inactive,532.4340000000004,6.930200000000006,0.0,5.0
254,MB275,O=C(C1=CC=C(OC)C=C1)/C=C/C2=CC(OC)=C(OC)C=C2OC,11500.0,inactive,328.3640000000001,3.6171000000000024,0.0,5.0
255,MB276,O=C(C1=CC=C(OC)C(OC)=C1OC)/C=C/C2=CC(OC)=C(OC)C=C2OC,7800.0,intermediate,388.41600000000017,3.634300000000003,0.0,7.0
256,MB279,O=C(C1=CC=C(I)C=C1)/C=C/C2=CC(OC)=C(OC)C=C2OC,2000.0,intermediate,424.23400000000026,4.213100000000004,0.0,4.0
257,MB280,O=C(C1=CC=C(Br)C=C1)/C=C/C2=CC(OC)=C(OC)C=C2OC,1800.0,intermediate,377.2340000000002,4.371000000000004,0.0,4.0
258,MB282,O=C(C1=CC=C(C2=CC=C(Br)C=C2)C=C1)/C=C/C3=CC(OC)=C(OC)C=C3OC,47000.0,inactive,453.3320000000002,6.038000000000006,0.0,4.0
259,MB283,COC1=CC=C(C(/C=C/C2=CC=C(O/N=C(C)/OCC)C=C2)=O)C=C1,47100.0,inactive,339.391,4.340000000000003,0.0,5.0
260,MB284,O=C(/C=C/C1=CC=C(O/N=C(C)/OCC)C=C1)C2=CC=CC=C2,96900.0,inactive,309.36499999999995,4.331400000000003,0.0,4.0
261,MB286,CC1=CC=C(C(/C=C/C2=CC=C(O/N=C(C)/OCC)C=C2)=O)C=C1,102000.0,inactive,323.392,4.639820000000004,0.0,4.0
262,MB287,O=C(/C=C/C1=CC=C(O/N=C(C)/OCC)C=C1)C2=CC=CC=C2OC,41250.0,inactive,339.391,4.340000000000003,0.0,5.0
263,MB288,O=C(/C=C/C1=CC=C(O/N=C(C)/OCC)C=C1)C2=C(C)C=CC=C2,43290.0,inactive,323.392,4.639820000000004,0.0,4.0
264,MB290,O=C(/C=C/C1=CC=C(O/N=C(C)/OCC)C=C1)C2=CC=C(OC)C=C2OC,43310.0,inactive,369.4170000000001,4.348600000000004,0.0,6.0
265,MB291,O=C(/C=C/C1=CC=C(O/N=C(C)/OCC)C=C1)C2=CC(O)=CC=C2,46100.0,inactive,325.364,4.0370000000000035,1.0,5.0
266,MB293,O=C(/C=C/C1=CC=C(O/N=C(C)/OCC)C=C1)C2=C(C=CC=C3)C3=CC=C2,33380.0,inactive,359.425,5.484600000000005,0.0,4.0
267,MB295,O=C(/C=C/C1=CC=CC=C1)C2=CC=C(O/N=C(OCC)\C)C=C2,96970.0,inactive,309.365,4.331400000000003,0.0,4.0
268,MB296,O=C(/C=C/C1=CC=C(C)C=C1)C2=CC=C(O/N=C(OCC)\C)C=C2,80390.0,inactive,323.3920000000001,4.639820000000004,0.0,4.0
269,MB297,O=C(/C=C/C1=CC=C(OC)C=C1)C2=CC=C(O/N=C(OCC)\C)C=C2,82500.0,inactive,339.39100000000013,4.340000000000003,0.0,5.0
270,MB298,O=C(/C=C/C1=CC=C(OC2=CC=CC=C2)C=C1)C3=CC=C(O/N=C(OCC)\C)C=C3,28880.0,inactive,401.4620000000002,6.123700000000006,0.0,5.0
271,MB299,O=C(/C=C/C1=CC=CC=C1OC)C2=CC=C(O/N=C(OCC)\C)C=C2,76600.0,inactive,339.3910000000001,4.340000000000003,0.0,5.0
272,MB300,O=C(/C=C/C1=CC=CC(OC)=C1)C2=CC=C(O/N=C(OCC)\C)C=C2,41250.0,inactive,339.3910000000001,4.340000000000003,0.0,5.0
273,MB301,O=C(/C=C/C1=CC(OC)=CC=C1OC)C2=CC=C(O/N=C(OCC)\C)C=C2,16240.0,inactive,369.41700000000014,4.348600000000004,0.0,6.0
274,MB302,O=C(/C=C/C1=CC=C(OC)C(OC)=C1)C2=CC=C(O/N=C(OCC)\C)C=C2,37890.0,inactive,369.41700000000014,4.348600000000004,0.0,6.0
275,MB304,O=C(/C=C/C1=CC(OC)=C(OC)C(OC)=C1)C2=CC=C(O/N=C(OCC)\C)C=C2,30000.0,inactive,399.44300000000015,4.357200000000004,0.0,7.0
276,MB308,O=C(/C=C/C1=CC=CS1)C2=CC=C(O/N=C(OCC)\C)C=C2,88770.0,inactive,315.39400000000006,4.392900000000004,0.0,5.0
277,MB310,O=C(/C=C/C1=CC=C(O/N=C(OCC)\C)C=C1)C2=CC=C(O/N=C(OCC)\C)C=C2,63340.0,inactive,410.47000000000014,5.080100000000005,0.0,7.0
278,MB311,O=C(C1=CC=C(O)C=C1)/C=C/C2=CC(CC=C)=C(O)C(OC)=C2,38500.0,inactive,310.34900000000005,3.7310000000000025,2.0,4.0
279,MB312,O=C(C1=CC=C(Cl)C=C1)/C=C/C2=CC(CC=C)=C(O)C(OC)=C2,28000.0,inactive,328.7950000000001,4.678800000000004,1.0,3.0
280,MB313,O=C(C1=CC=C(Cl)C=C1)/C=C/C2=CC(CC=C)=C(OC)C(OC)=C2,3900.0,intermediate,342.8220000000001,4.981800000000004,0.0,3.0
281,MB314,O=C(C1=CC=C(OC)C=C1)/C=C/C2=CC(CC=C)=C(OC)C(OC)=C2,4300.0,intermediate,338.4030000000001,4.337000000000003,0.0,4.0
282,MB315,O=C(C1=CC=C(OCO2)C2=C1)/C=C/C3=CC(CC=C)=C(OC)C(OC)=C3,4700.0,intermediate,352.38600000000014,4.057100000000003,0.0,5.0
283,MB316,O=C(C1=CC=C(Br)C=C1)/C=C/C2=CC(CC=C)=C(OC)C(OC)=C2,5300.0,intermediate,387.27300000000025,5.090900000000004,0.0,3.0
284,MB317,O=C(C1=CC=C([N+]([O-])=O)C=C1)/C=C/C2=CC(CC=C)=C(OC)C(OC)=C2,12500.0,inactive,353.37400000000014,4.236600000000003,0.0,5.0
285,MB318,O=C(C1=CC=C(Cl)C=C1)/C=C/C2=CC(CC=C)=C(OCC=C)C(OC)=C2,7800.0,intermediate,368.8600000000002,5.538000000000005,0.0,3.0
286,MB320,O=C(C1=CC=C(Cl)C(Cl)=C1)/C=C/C2=CC=C(OCC=C)C(OC)=C2,10000.0,inactive,363.2400000000002,5.462900000000005,0.0,3.0
287,MB321,O=C(C1=CC=C(Br)C=C1)/C=C/C2=CC=C(OCC=C)C(OC)=C2,8100.0,intermediate,373.2460000000002,4.918600000000004,0.0,3.0
288,MB322,O=C(C1=CC=C(I)C=C1)/C=C/C2=CC=C(OCC=C)C(OC)=C2,8500.0,intermediate,420.24600000000027,4.760700000000004,0.0,3.0
289,MB323,O=C(C1=CC=C(F)C=C1)/C=C/C2=CC=C(OCC=C)C(OC)=C2,23000.0,inactive,312.3400000000001,4.295200000000004,0.0,3.0
290,MB324,O=C(C1=CC=CC(Cl)=C1)/C=C/C2=CC=C(OCC=C)C(OC)=C2,5300.0,intermediate,328.79500000000013,4.809500000000004,0.0,3.0
291,MB325,O=C(C1=CC=C(OC)C=C1)/C=C/C2=CC=C(OCC=C)C(OC)=C2,22500.0,inactive,324.3760000000001,4.164700000000003,0.0,4.0
292,MB326,O=C(C1=CC=C(OCO2)C2=C1)/C=C/C3=CC=C(OCC=C)C(OC)=C3,38500.0,inactive,338.3590000000001,3.884800000000003,0.0,5.0
293,MB328,O=C(C1=CC=C(N)C=C1)/C=C/C2=CC=C(OCC=C)C(OC)=C2,36000.0,inactive,309.36500000000007,3.7383000000000033,1.0,4.0
294,MB329,O=C(C1=CC=CC=C1)/C=C/C2=CC=C(OCC=C)C(OC)=C2,38000.0,inactive,294.34999999999997,4.156100000000004,0.0,3.0
295,MB330,O=C(C1=CC=C(OCC=C)C=C1)/C=C/C2=CC=C(OCC=C)C(OC)=C2,7400.0,intermediate,350.41400000000016,4.720900000000005,0.0,4.0
296,MB331,O=C(C1=CC=C(Cl)C=C1)/C=C/C2=CC=CC(OC)=C2OCC=C,12500.0,inactive,328.7950000000002,4.809500000000004,0.0,3.0
297,MB332,O=C(C1=CC=C(Cl)C=C1)/C=C/C2=CC=C(OC)C(OCC=C)=C2,18000.0,inactive,328.79500000000013,4.809500000000004,0.0,3.0
298,MB334,O=C(C1=CC=C(Cl)C=C1)/C=C/C2=CC=C(OC/C=C(C)/C)C(OC)=C2,5000.0,intermediate,356.84900000000016,5.589700000000005,0.0,3.0
299,MB335,O=C(C1=CC=C(Cl)C=C1)/C=C/C2=CC=C(OCCCC)C(OC)=C2,14800.0,inactive,344.8380000000002,5.423600000000005,0.0,3.0
300,MB336,O=C(C1=CC=C(Cl)C=C1)/C=C/C2=CC=C(OCC3=CC=C(Br)C=C3)C(OC)=C2,8000.0,intermediate,457.75100000000015,6.586200000000005,0.0,3.0
301,MB337,O=C(C1=CC=C(Cl)C=C1)/C=C/C2=CC(OC)=C(OCC=C)C(OC)=C2,3800.0,intermediate,358.8210000000002,4.818100000000005,0.0,4.0
302,MB338,O=C(C1=CC=C(Cl)C=C1)/C=C/C2=CC=C(OCC=C)C=C2,43000.0,inactive,298.76900000000006,4.800900000000004,0.0,2.0
303,MB339,O=C(C1=CC=C(Cl)C=C1)/C=C/C2=CC=CC=C2OCC=C,9000.0,intermediate,298.7690000000001,4.800900000000004,0.0,2.0
304,MB340,O=C(C1=CC=C(Cl)C=C1)/C=C/C2=CC=C(OCC=C)C(OCC)=C2,28000.0,inactive,342.8220000000002,5.199600000000005,0.0,3.0
305,MB341,O=C(C1=CC=C(Cl)C=C1)/C=C/C2=CC=C(OCC=C)C(OCC=C)=C2,3400.0,intermediate,354.8330000000002,5.365700000000005,0.0,3.0
306,MB342,O=C(C1=CC=C(OCC=C)C(OC)=C1)/C=C/C2=CC=C(Cl)C=C2,8600.0,intermediate,328.79499999999996,4.809500000000004,0.0,3.0
307,MB343,O=C(C1=CC=CO1)/C=C/C2=CC=C(OCC=C)C(OC)=C2,95000.0,inactive,284.311,3.749100000000003,0.0,4.0
308,MB344,O=C1C(C(/C=C/C2=CC=C(OCC=C)C(OC)=C2)=O)=CC3=C(O1)C=CC=C3,100000.0,inactive,362.38100000000003,4.262500000000004,0.0,5.0
309,MB346,O=C(C1=CC=CN1)/C=C/C2=CC=C(OCC=C)C(OC)=C2,48000.0,inactive,283.32699999999994,3.484200000000002,1.0,3.0
310,MB349,O=C(C1=CC=C(NC2=CC=NC3=CC(Cl)=CC=C23)C=C1)/C=C/C4=CC=C(OCC=C)C(OC)=C4,75000.0,inactive,470.95600000000024,7.1013000000000055,1.0,5.0
311,MB350,O=C(C1=CC=C(N(CC=C)C2=CC=NC3=CC(Cl)=CC=C23)C=C1)/C=C/C4=CC=C(OCC=C)C(OC)=C4,3500.0,intermediate,511.0210000000003,7.681800000000006,0.0,5.0
312,MB352,O=C1C=CC2=C(O1)C=C(OCC3=CN(C4=CC=CC(C(/C=C/C5=CC=CC(OC)=C5OC)=O)=C4)N=N3)C=C2,13010.0,inactive,509.51800000000026,4.866000000000004,0.0,9.0
313,MB354,O=C1C=CC2=C(O1)C=C(OCC3=CN(C4=CC=CC(C(/C=C/C5=CC=C(OC)C(OC)=C5OC)=O)=C4)N=N3)C=C2,24150.0,inactive,539.5440000000003,4.8746000000000045,0.0,10.0
314,MB358,O=C1C=C(OCC2=CN(C3=CC=CC(C(/C=C/C4=CC=CC(OC)=C4OC)=O)=C3)N=N2)C5=C(O1)C=CC=C5,9280.0,intermediate,509.5180000000003,4.866000000000004,0.0,9.0
315,MB359,O=C1C=C(OCC2=CN(C3=CC=CC(C(/C=C/C4=CC=C(OC)C(OC)=C4OC)=O)=C3)N=N2)C5=C(O1)C=CC=C5,13840.0,inactive,539.5440000000004,4.8746000000000045,0.0,10.0
316,MB360,O=C1C=C(OCC2=CN(C3=CC=C(C(/C=C/C4=CC=C(OC)C(OC)=C4OC)=O)C=C3)N=N2)C5=C(O1)C=CC=C5,2960.0,intermediate,539.5440000000004,4.8746000000000045,0.0,10.0
317,MB362,O=C(C1=CC(C/C=C(C)\C)=C(OC)C=C1O)/C=C/C2=CC=C(C)C=C2,91690.0,inactive,336.4310000000001,5.114020000000005,1.0,3.0
318,MB363,O=C(C1=CC(C/C=C(C)\C)=C(OC)C=C1O)/C=C/C2=CC=C(Br)C=C2,92320.0,inactive,401.30000000000007,5.568100000000005,1.0,3.0
319,MB364,O=C(C1=CC(C/C=C(C)\C)=C(OC)C=C1O)/C=C/C2=CC=C(OC)C(OC)=C2,2820.0,intermediate,382.4560000000002,4.822800000000004,1.0,5.0
320,MB365,O=C(C1=CC(C/C=C(C)\C)=C(OC)C=C1O)/C=C/C2=CC=C(C3=CC=C(F)C=C3)C=C2,72240.0,inactive,416.49200000000013,6.611700000000006,1.0,3.0
321,MB368,O=C(C1=CC=C(Cl)C=C1)/C=C/C2=CC=C(O)C=C2,9430.0,intermediate,258.704,3.9417000000000018,1.0,2.0
322,MB369,O=C(/C=C/C1=CC=C(OCC#C[H])C(OC)=C1)C2=CC=C(OC)C=C2,13500.0,inactive,322.36000000000007,3.611900000000002,0.0,4.0
323,MB370,O=C(/C=C/C1=CC=C(OCC#C[H])C(OC)=C1)C2=CC=C(OC)C=C2OC,4300.0,intermediate,352.38600000000014,3.6205000000000025,0.0,5.0
324,MB371,O=C(/C=C/C1=CC=C(OCC#C[H])C(OC)=C1)C2=CC=C(OC)C(OC)=C2OC,2800.0,intermediate,382.4120000000002,3.629100000000003,0.0,6.0
325,MB372,O=C(/C=C/C1=CC=C(OC)C=C1OC)C2=CC=C(OCC#C[H])C(OC)=C2,14500.0,inactive,352.38600000000014,3.6205000000000025,0.0,5.0
326,MB373,O=C(/C=C/C1=CC=C(OC)C(OC)=C1OC)C2=CC=C(OCC#C[H])C(OC)=C2,2400.0,intermediate,382.41200000000015,3.629100000000003,0.0,6.0
327,MB374,O=C(/C=C/C1=CC=C(Cl)C=C1Cl)C2=CC=C(OCC#C[H])C(OC)=C2,2800.0,intermediate,361.22400000000016,4.9101000000000035,0.0,3.0
328,MB375,O=C(/C=C/C1=CC=C(F)C=C1)C2=CC=C(OCC#C[H])C(OC)=C2,7700.0,intermediate,310.32400000000007,3.7424000000000026,0.0,3.0
329,MB376,O=C(/C=C/C1=CC=C(F)C=C1F)C2=CC=C(OCC#C[H])C(OC)=C2,5200.0,intermediate,328.3140000000001,3.8815000000000035,0.0,3.0
330,MB377,O=C1NC(C(C)=CN1C2OC(CO)C(N3N=NC(COC4=CC=C(/C=C/C(C5=CC=C(OC)C=C5)=O)C=C4OC)=C3)C2)=O,6100.0,intermediate,589.6050000000002,2.4499200000000005,2.0,12.0
331,MB378,O=C1NC(C(C)=CN1C2OC(CO)C(N3N=NC(COC4=CC=C(/C=C/C(C5=CC=C(OC)C=C5OC)=O)C=C4OC)=C3)C2)=O,4400.0,intermediate,619.6310000000002,2.45852,2.0,13.0
332,MB379,O=C1NC(C(C)=CN1C2OC(CO)C(N3N=NC(COC4=CC=C(/C=C/C(C5=CC=C(OC)C(OC)=C5OC)=O)C=C4OC)=C3)C2)=O,3700.0,intermediate,649.6570000000003,2.4671200000000004,2.0,14.0
333,MB380,O=C(C1=CC=C(OC)C=C1)/C=C/C2=CC=C(OCC3=CN(C4=CC=NC5=CC(Cl)=CC=C45)N=N3)C(OC)=C2,2200.0,intermediate,526.9800000000001,5.961200000000004,0.0,8.0
334,MB381,O=C(C1=CC=C(OC)C=C1OC)/C=C/C2=CC=C(OCC3=CN(C4=CC=NC5=CC(Cl)=CC=C45)N=N3)C(OC)=C2,70.0,active,557.0060000000002,5.969800000000005,0.0,9.0
335,MB382,O=C(C1=CC=C(OC)C(OC)=C1OC)/C=C/C2=CC=C(OCC3=CN(C4=CC=NC5=CC(Cl)=CC=C45)N=N3)C(OC)=C2,400.0,active,587.0320000000002,5.978400000000005,0.0,10.0
336,MB383,O=C1NC(C(C)=CN1C2OC(CO)C(N3N=NC(COC4=CC=C(C(/C=C/C5=CC=C(OC)C=C5OC)=O)C=C4OC)=C3)C2)=O,11800.0,inactive,619.6310000000002,2.45852,2.0,13.0
337,MB384,O=C1NC(C(C)=CN1C2OC(CO)C(N3N=NC(COC4=CC=C(C(/C=C/C5=CC=C(OC)C(OC)=C5OC)=O)C=C4OC)=C3)C2)=O,3800.0,intermediate,649.6570000000003,2.4671200000000004,2.0,14.0
338,MB385,O=C1NC(C(C)=CN1C2OC(CO)C(N3N=NC(COC4=CC=C(C(/C=C/C5=CC=C(Cl)C=C5Cl)=O)C=C4OC)=C3)C2)=O,1900.0,intermediate,628.4690000000002,3.748120000000003,2.0,11.0
339,MB386,O=C1NC(C(C)=CN1C2OC(CO)C(N3N=NC(COC4=CC=C(C(/C=C/C5=CC=C(F)C=C5)=O)C=C4OC)=C3)C2)=O,6100.0,intermediate,577.5690000000002,2.58042,2.0,11.0
340,MB387,O=C1NC(C(C)=CN1C2OC(CO)C(N3N=NC(COC4=CC=C(C(/C=C/C5=CC=C(F)C=C5F)=O)C=C4OC)=C3)C2)=O,4800.0,intermediate,595.5590000000002,2.71952,2.0,11.0
341,MB388,O=C(C1=CC=C(OCC2=CN(C3=CC=NC4=CC(Cl)=CC=C34)N=N2)C(OC)=C1)/C=C/C5=CC=C(OC)C=C5OC,11700.0,inactive,557.0060000000002,5.969800000000006,0.0,9.0
342,MB389,O=C(C1=CC=C(OCC2=CN(C3=CC=NC4=CC(Cl)=CC=C34)N=N2)C(OC)=C1)/C=C/C5=CC=C(OC)C(OC)=C5OC,300.0,active,587.0320000000002,5.978400000000007,0.0,10.0
343,MB390,O=C(C1=CC=C(OCC2=CN(C3=CC=NC4=CC(Cl)=CC=C34)N=N2)C(OC)=C1)/C=C/C5=CC=C(Cl)C=C5Cl,1900.0,intermediate,565.8440000000002,7.259400000000005,0.0,7.0
344,MB391,O=C(C1=CC=C(OCC2=CN(C3=CC=NC4=CC(Cl)=CC=C34)N=N2)C(OC)=C1)/C=C/C5=CC=C(F)C=C5,1600.0,intermediate,514.9440000000002,6.091700000000005,0.0,7.0
345,MB392,FC1=CC=C(C(/C=C/C2=CC=C(OCC3=CN(C4=CC=NC5=CC(Cl)=CC=C45)N=N3)C(OC)=C2)=O)C(F)=C1,2100.0,intermediate,532.9340000000003,6.230800000000003,0.0,7.0
