molecule_chembl_id,canonical_smiles,standard_relation,standard_units,standard_value,standard_type,units,value,strain
MB1,O=C(C1=CC=CC=C1OC)/C=C/C2=NC=CC=C2,=,nM,2000,IC50,uM,2,3D7
MB2,O=C(C1=CC=CC=C1OC)/C=C/C2=CC=CN=C2,=,nM,17380,IC50,uM,17.38,3D7
MB3,O=C(C1=CC=CC(OC)=C1)/C=C/C2=CC=CN=C2,=,nM,4090,IC50,uM,4.09,3D7
MB4,O=C(C1=CC=C(OC)C=C1)/C=C/C2=NC=CC=C2,=,nM,18640,IC50,uM,18.64,3D7
MB5,O=C(C1=CC=C(OC)C=C1)/C=C/C2=CC=CN=C2,=,nM,4470,IC50,uM,4.47,3D7
MB6,O=C(C1=CC=C(OC)C=C1)/C=C/C2=CC=NC=C2,=,nM,4630,IC50,uM,4.63,3D7
MB7,OC1=CC(OC)=CC(OC)=C1C(/C=C/C2=CC=C(OCC3=CN(C4=CC=C(F)C=C4Cl)N=N3)C(OC)=C2)=O,=,nM,11610,IC50,uM,11.61,3D7
MB8,OC1=CC(OC)=CC(OC)=C1C(/C=C/C2=CC=C(OCC3=CN(C4=CC=C(F)C(Cl)=C4)N=N3)C(OC)=C2)=O,=,nM,5070,IC50,uM,5.07,3D7
MB9,OC1=CC(OC)=CC(OC)=C1C(/C=C/C2=CC=C(OCC3=CN(C4=CC=C(F)C=C4F)N=N3)C(OC)=C2)=O,=,nM,6300,IC50,uM,6.3,3D7
MB10,OC1=CC(OC)=CC(OC)=C1C(/C=C/C2=CC=C(OCC3=CN(C4=CC=CC=C4Cl)N=N3)C(OC)=C2)=O,=,nM,12980,IC50,uM,12.98,3D7
MB11,OC1=CC(OC)=CC(OC)=C1C(/C=C/C2=CC=C(OCC3=CN(C4=CC=C(Cl)C=C4)N=N3)C(OC)=C2)=O,=,nM,9730,IC50,uM,9.73,3D7
MB12,OC1=CC(OC)=CC(OC)=C1C(/C=C/C2=CC=C(OC)C(OCC3=CN(C4=CC=C(F)C=C4Cl)N=N3)=C2)=O,=,nM,9110,IC50,uM,9.11,3D7
MB13,OC1=CC(OC)=CC(OC)=C1C(/C=C/C2=CC=C(OC)C(OCC3=CN(C4=CC=C(F)C(Cl)=C4)N=N3)=C2)=O,=,nM,13920,IC50,uM,13.92,3D7
MB14,OC1=CC(OC)=CC(OC)=C1C(/C=C/C2=CC=C(OC)C(OCC3=CN(C4=CC=C(F)C=C4F)N=N3)=C2)=O,=,nM,18220,IC50,uM,18.22,3D7
MB15,OC1=CC(OC)=CC(OC)=C1C(/C=C/C2=CC=C(OC)C(OCC3=CN(C4=CC=CC=C4Cl)N=N3)=C2)=O,=,nM,15380,IC50,uM,15.38,3D7
MB16,OC1=CC(OC)=CC(OC)=C1C(/C=C/C2=CC=C(OC)C(OCC3=CN(C4=CC=C(Cl)C=C4)N=N3)=C2)=O,=,nM,21110,IC50,uM,21.11,3D7
MB17,OC1=CC(OC)=CC(OC)=C1C(/C=C/C2=CC=C(OCC3=CN(C4=CC=C(F)C=C4Cl)N=N3)C(OCC5=CN(C6=C(Cl)C=C(F)C=C6)N=N5)=C2)=O,=,nM,11620,IC50,uM,11.62,3D7
MB18,OC1=CC(OC)=CC(OC)=C1C(/C=C/C2=CC=C(OCC3=CN(C4=CC=C(F)C(Cl)=C4)N=N3)C(OCC5=CN(C6=CC(Cl)=C(F)C=C6)N=N5)=C2)=O,=,nM,14770,IC50,uM,14.77,3D7
MB19,OC1=CC(OC)=CC(OC)=C1C(/C=C/C2=CC=C(OCC3=CN(C4=CC=C(F)C=C4F)N=N3)C(OCC5=CN(C6=C(F)C=C(F)C=C6)N=N5)=C2)=O,=,nM,12600,IC50,uM,12.6,3D7
MB20,OC1=CC(OC)=CC(OC)=C1C(/C=C/C2=CC=C(OCC3=CN(C4=CC=CC=C4Cl)N=N3)C(OCC5=CN(C6=C(Cl)C=CC=C6)N=N5)=C2)=O,=,nM,11970,IC50,uM,11.97,3D7
MB21,OC1=CC(OC)=CC(OC)=C1C(/C=C/C2=CC=C(OCC3=CN(C4=CC=C(Cl)C=C4)N=N3)C(OCC5=CN(C6=CC=C(Cl)C=C6)N=N5)=C2)=O,=,nM,18240,IC50,uM,18.24,3D7
MB22,O=C(C1=CC=C(C)O1)/C=C/C2=CC=C(C(O)=O)C=C2,=,nM,18400,IC50,uM,18.4,3D7
MB23,O=C(NCCNC1=CC=NC2=CC(Cl)=CC=C12)C3=CC=C(/C=C/C(C4=CC=C(C)O4)=O)C=C3,=,nM,110,IC50,uM,0.11,3D7
MB24,O=C(NCCCNC1=CC=NC2=CC(Cl)=CC=C12)C3=CC=C(/C=C/C(C4=CC=C(C)O4)=O)C=C3,=,nM,70,IC50,uM,0.07,3D7
MB25,O=C(NCCCCNC1=CC=NC2=CC(Cl)=CC=C12)C3=CC=C(/C=C/C(C4=CC=C(C)O4)=O)C=C3,=,nM,50,IC50,uM,0.05,3D7
MB26,O=C(NC(C)CNC1=CC=NC2=CC(Cl)=CC=C12)C3=CC=C(/C=C/C(C4=CC=C(C)O4)=O)C=C3,=,nM,80,IC50,uM,0.08,3D7
MB27,O=C(NCCCCCCNC1=CC=NC2=CC(Cl)=CC=C12)C3=CC=C(/C=C/C(C4=CC=C(C)O4)=O)C=C3,=,nM,50,IC50,uM,0.05,3D7
MB28,O=C(N(CCCNC1=CC=NC2=CC(Cl)=CC=C12)C)C3=CC=C(/C=C/C(C4=CC=C(C)O4)=O)C=C3,=,nM,370,IC50,uM,0.37,3D7
MB29,O=C(NCCOCCOCCNC1=CC=NC2=CC(Cl)=CC=C12)C3=CC=C(/C=C/C(C4=CC=C(C)O4)=O)C=C3,=,nM,260,IC50,uM,0.26,3D7
MB30,O=C(NCCCN(CCCNC1=CC=NC2=CC(Cl)=CC=C12)C)C3=CC=C(/C=C/C(C4=CC=C(C)O4)=O)C=C3,=,nM,90,IC50,uM,0.09,3D7
MB31,O=C(C1=CC=C(C)O1)/C=C/C2=CC=C(C(N3CCN(C4=CC=NC5=CC(Cl)=CC=C45)CC3)=O)C=C2,=,nM,540,IC50,uM,0.54,3D7
MB32,O=C(/C=C/C1=CC=C(Cl)C=C1)C2=CC=C(N3C=CC=C3)C=C2,=,nM,9500,IC50,uM,9.5,3D7
MB33,O=C(/C=C/C1=CC=C(Cl)C=C1)C2=CC=C(N3C(C=CC=C4)=C4N=N3)C=C2,=,nM,7000,IC50,uM,7,3D7
MB34,O=C(/C=C/C1=CC=C(Cl)C=C1)C2=CC=C(N3C=NC=N3)C=C2,=,nM,4900,IC50,uM,4.9,3D7
MB35,O=C(C1=C(Cl)SC(Cl)=C1)/C=C/C2=CC=C(OCC3=CC=CC=C3)C(OC)=C2,=,nM,20030,IC50,uM,20.03,3D7
MB36,O=C(C1=C(Cl)SC(Cl)=C1)/C=C/C2=CC=C(OC)C(OCC3=CC=CC=C3)=C2,=,nM,12400,IC50,uM,12.4,3D7
MB37,O=C(C1=CC=CO1)/C=C/C2=CC=C(OCC3=CC=CC=C3)C(OC)=C2,=,nM,66390,IC50,uM,66.39,3D7
MB38,O=C(C1=CC=CO1)/C=C/C2=CC=C(OC)C(OCC3=CC=CC=C3)=C2,=,nM,42160,IC50,uM,42.16,3D7
MB39,O=C(/C=C/C1=C(Cl)C=C(Cl)C=C1)C2=C(OC)C(OC)=C(OC)C=C2,=,nM,5400,IC50,uM,5.4,
MB40,O=C(/C=C/C1=CC=C(N(C)C)C=C1)C2=C(OC)C(OC)=C(OC)C=C2,=,nM,18000,IC50,uM,18,
MB41,O=C(/C=C/C1=CC=C(C(F)(F)F)C=C1)C2=C(OC)C(OC)=C(OC)C=C2,=,nM,3000,IC50,uM,3,
MB42,O=C(/C=C/C1=C(OC)C=C(OC)C=C1)C2=C(OC)C(OC)=C(OC)C=C2,=,nM,16500,IC50,uM,16.5,
MB43,O=C(/C=C/C1=CC=C(C)C=C1)C2=C(OC)C(OC)=C(OC)C=C2,=,nM,25600,IC50,uM,25.6,
MB44,O=C(/C=C/C1=CC=C(CC)C=C1)C2=C(OC)C(OC)=C(OC)C=C2,=,nM,16500,IC50,uM,16.5,
MB45,O=C(/C=C/C1=CC(C2=NC(C=CC=C3)=C3C=C2)=CC=C1)C4=C(OC)C(OC)=C(OC)C=C4,=,nM,2000,IC50,uM,2,
MB46,O=C(/C=C/C1=CC=C(C2=CC=C(C=CC=C3)C3=N2)C=C1)C4=C(OC)C(OC)=C(OC)C=C4,=,nM,60000,IC50,uM,60,
MB47,O=C(/C=C/C1=CC=C(OC)C=C1)C2=C(OC)C(OC)=C(OC)C=C2,=,nM,25000,IC50,uM,25,
MB48,O=C(/C=C/C1=CC=C(F)C=C1)C2=C(OC)C(OC)=C(OC)C=C2,=,nM,9500,IC50,uM,9.5,
MB49,O=C(/C=C/C1=CC=C(C2=CC=CC=C2)C=C1)C3=C(OC)C(OC)=C(OC)C=C3,=,nM,26200,IC50,uM,26.2,
MB50,O=C(/C=C/C1=C(F)C=C(F)C=C1)C2=C(OC)C(OC)=C(OC)C=C2,=,nM,18500,IC50,uM,18.5,
MB51,O=C(/C=C/C1=CC=C([N+]([O-])=O)C=C1)C2=C(OC)C(OC)=C(OC)C=C2,=,nM,22500,IC50,uM,22.5,
MB52,O=C(/C=C/C1=CC(Cl)=C(Cl)C=C1)C2=C(OC)C(OC)=C(OC)C=C2,=,nM,14500,IC50,uM,14.5,
MB53,O=C(/C=C/C1=CC=C(Cl)C=C1)C2=C(OC)C(OC)=C(OC)C=C2,=,nM,14500,IC50,uM,14.5,
MB54,O=C(/C=C/C1=C(Cl)C=CC=C1)C2=C(OC)C(OC)=C(OC)C=C2,=,nM,41500,IC50,uM,41.5,
MB55,O=C(/C=C/C1=CC(Cl)=CC=C1)C2=C(OC)C(OC)=C(OC)C=C2,=,nM,24400,IC50,uM,24.4,
MB56,O=C(/C=C/C1=CC=CC=C1)C2=C(OC)C(OC)=C(OC)C=C2,=,nM,15800,IC50,uM,15.8,
MB57,O=C(/C=C/C1=C(OC)C=C(OC)C=C1)C2=CC=C(OCCCC)C=C2,=,nM,108000,IC50,uM,108,
MB58,O=C(/C=C/C1=C(Cl)C=C(Cl)C=C1)C2=C(OC)C=C(OC)C=C2,=,nM,18800,IC50,uM,18.8,
MB59,O=C(/C=C/C1=CC=C(C(F)(F)F)C=C1)C2=C(OC)C=C(OC)C=C2,=,nM,5900,IC50,uM,5.9,
MB60,O=C(/C=C/C1=C(F)C=C(F)C=C1)C2=C(OC)C=C(OC)C=C2,=,nM,6200,IC50,uM,6.2,
MB61,O=C(/C=C/C1=C(OC)C=C(OC)C=C1)C2=C(OC)C=C(OC)C=C2,=,nM,2100,IC50,uM,2.1,
MB62,O=C(/C=C/C1=CC=C([N+]([O-])=O)C=C1)C2=C(OC)C=C(OC)C=C2,=,nM,415000,IC50,uM,415,
MB63,O=C(C1=CC=C(C=C1)OC)/C=C/C2=CC=C(C=C2)N(C)C,=,nM,70000,IC50,uM,70,
MB64,O=C(C1=CC=C(C=C1)OC)/C=C/C2=CC=C(C=C2)C#N,=,nM,94500,IC50,uM,94.5,
MB65,O=C(C1=CC=C(C=C1)OC)/C=C/C2=CC=CC=C2,=,nM,55500,IC50,uM,55.5,
MB66,O=C(/C=C/C1=CC=C(CC)C=C1)C2=C(OC)C=C(OC)C=C2,=,nM,2400,IC50,uM,2.4,
MB67,O=C(/C=C/C1=CC(C2=NC(C=CC=C3)=C3C=C2)=CC=C1)C4=C(OC)C=C(OC)C=C4,=,nM,2200,IC50,uM,2.2,
MB68,O=C(/C=C/C1=CC=C(C2=CC=C(C=CC=C3)C3=N2)C=C1)C4=C(OC)C=C(OC)C=C4,=,nM,27000,IC50,uM,27,
MB69,O=C(C1=C(C=C(C=C1)OC)OC)/C=C/C2=CC=C(C=C2)C,=,nM,93800,IC50,uM,93.8,
MB70,O=C(C1=C(C=C(C=C1)OC)OC)/C=C/C2=CC=C(C=C2)OC,=,nM,128500,IC50,uM,128.5,
MB71,O=C(C1=C(C=C(C=C1)OC)OC)/C=C/C2=CC=C(C=C2)N(C)C,=,nM,55300,IC50,uM,55.3,
MB72,O=C(C1=C(C=C(C=C1)OC)OC)/C=C/C2=CC=C(F)C=C2,=,nM,322000,IC50,uM,322,
MB73,O=C(C1=C(C=C(C=C1)OC)OC)/C=C/C2=CC=C(Cl)C=C2,=,nM,342000,IC50,uM,342,
MB74,O=C(C1=C(C=C(C=C1)OC)OC)/C=C/C2=CC=C(Br)C=C2,=,nM,542500,IC50,uM,542.5,
MB75,O=C(C1=C(C=C(C=C1)OC)OC)/C=C/C2=CC=C(F)C=C2Cl,=,nM,600000,IC50,uM,600,
MB76,O=C(C1=C(C=C(C=C1)OC)OC)/C=C/C2=CC=C(Cl)C(Cl)=C2,=,nM,297500,IC50,uM,297.5,
MB77,O=C(C1=C(C=C(C=C1)OC)OC)/C=C/C2=CC=CC3=C2C=CC=C3,=,nM,320000,IC50,uM,320,
MB78,O=C(C1=CC=C(C=C1)OC)/C=C/C2=CC=C(O)C=C2,=,nM,7000,IC50,uM,7,
MB79,O=C(C1=CC=C(C=C1)OC)/C=C/C2=CC=C(F)C=C2F,=,nM,26800,IC50,uM,26.8,
MB80,O=C(/C=C/C1=CC=C(C=C1)OC)C2=CC=C(OC)C=C2,=,nM,21700,IC50,uM,21.7,
MB81,O=C(/C=C/C1=CC(C2=NC(C=CC=C3)=C3C=C2)=CC=C1)C4=CC=C(OC)C=C4,=,nM,4800,IC50,uM,4.8,
MB82,O=C(/C=C/C1=CC=C(C2=NC(C=CC=C3)=C3C=C2)C=C1)C4=CC=C(OC)C=C4,=,nM,43000,IC50,uM,43,
MB83,O=C(/C=C/C1=CC=C(F)C=C1)C2=CC=C(OC)C=C2,=,nM,14400,IC50,uM,14.4,
MB84,O=C(/C=C/C1=C(Cl)C=C(Cl)C=C1)C2=CC=C(OC)C=C2,=,nM,16000,IC50,uM,16,
MB85,O=C(/C=C/C1=CC=C(C(F)(F)F)C=C1)C2=CC=C(OC)C=C2,=,nM,19000,IC50,uM,19,
MB86,O=C(/C=C/C1=C(OC)C=C(OC)C=C1)C2=CC=C(OC)C=C2,=,nM,6400,IC50,uM,6.4,
MB87,O=C(/C=C/C1=CC=C(C)C=C1)C2=CC=C(OC)C=C2,=,nM,70000,IC50,uM,70,
MB88,O=C(/C=C/C1=CC=C([N+]([O-])=O)C=C1)C2=CC=C(OC)C=C2,=,nM,100000,IC50,uM,100,
MB89,O=C(/C=C/C1=C(F)C=C(F)C=C1)C2=CC=C(OCC)C=C2,=,nM,28100,IC50,uM,28.1,
MB90,O=C(/C=C/C1=CC=C(OC)C=C1)C2=CC=C(OCC)C=C2,=,nM,33000,IC50,uM,33,
MB91,O=C(/C=C/C1=CC(C2=NC(C=CC=C3)=C3C=C2)=CC=C1)C4=CC=C(OCC)C=C4,=,nM,24900,IC50,uM,24.9,
MB92,O=C(/C=C/C1=CC=C(C2=NC(C=CC=C3)=C3C=C2)C=C1)C4=CC=C(OCC)C=C4,=,nM,100000,IC50,uM,100,
MB93,O=C(/C=C/C1=CC=C(F)C=C1)C2=CC=C(OCC)C=C2,=,nM,24100,IC50,uM,24.1,
MB94,O=C(/C=C/C1=C(Cl)C=C(Cl)C=C1)C2=CC=C(OCC)C=C2,=,nM,96000,IC50,uM,96,
MB95,O=C(/C=C/C1=CC=C(C(F)(F)F)C=C1)C2=CC=C(OCC)C=C2,=,nM,24000,IC50,uM,24,
MB96,O=C(/C=C/C1=C(OC)C=C(OC)C=C1)C2=CC=C(OCC)C=C2,=,nM,30000,IC50,uM,30,
MB97,O=C(/C=C/C1=CC=C(C)C=C1)C2=CC=C(OCC)C=C2,=,nM,38000,IC50,uM,38,
MB98,O=C(/C=C/C1=CC=C([N+]([O-])=O)C=C1)C2=CC=C(OCC)C=C2,=,nM,39000,IC50,uM,39,
MB99,O=C(/C=C/C1=CC=C(N(C)C)C=C1)C2=CC=C(OCC)C=C2,=,nM,30000,IC50,uM,30,
MB100,O=C(/C=C/C1=CC=C(C#N)C=C1)C2=CC=C(OCC)C=C2,=,nM,540000,IC50,uM,540,
MB101,O=C(/C=C/C1=CC=CC=C1)C2=CC=C(OCC)C=C2,=,nM,43000,IC50,uM,43,
MB102,O=C(/C=C/C1=C(Cl)C=C(Cl)C=C1)C2=CC=C(O)C=C2O,=,nM,68500,IC50,uM,68.5,
MB103,O=C(/C=C/C1=CC(C2=NC(C=CC=C3)=C3C=C2)=CC=C1)C4=CC=C(O)C=C4O,=,nM,16100,IC50,uM,16.1,
MB104,O=C(/C=C/C1=C(F)C=C(F)C=C1)C2=CC=C(O)C=C2O,=,nM,16000,IC50,uM,16,
MB105,O=C(/C=C/C1=C(OC)C=C(OC)C=C1)C2=CC=C(O)C=C2O,=,nM,56400,IC50,uM,56.4,
MB106,O=C(/C=C/C1=C2C(C=CC=C2)=CC=C1)C3=CC=C(O)C=C3O,=,nM,24800,IC50,uM,24.8,
MB107,O=C(/C=C/C1=CC=C(C(F)(F)F)C=C1)C2=CC=C(O)C=C2O,=,nM,26500,IC50,uM,26.5,
MB108,O=C(/C=C/C1=C(C2=NC=CC=C2)C=CC=C1)C3=CC=C(O)C=C3O,=,nM,19700,IC50,uM,19.7,
MB109,O=C(C1=CC=C(C=C1O)O)/C=C/C2=CC=CC=C2C3=C(C=CC=C4)C4=CC=C3,=,nM,20000,IC50,uM,20,
MB110,O=C(C1=CC=C(C=C1O)O)/C=C/C2=CC=C(C3=NC=CC=C3)C=C2,=,nM,121600,IC50,uM,121.6,
MB111,O=C(C1=CC=C(C=C1O)O)/C=C/C2=CC=C(C3=NC(C=CC=C4)=C4C=C3)C=C2,=,nM,92800,IC50,uM,92.8,
MB112,O=C(C1=CC=C(C=C1O)O)/C=C/C2=CC=C(Cl)C=C2,=,nM,12300,IC50,uM,12.3,
MB113,O=C(C1=CC=C(C=C1)O)/C=C/C2=CC=CC3=C2C=CC=C3,=,nM,39900,IC50,uM,39.9,
MB114,O=C(C1=CC=C(C=C1)O)/C=C/C2=CC=CC(C3=NC(C=CC=C4)=C4C=C3)=C2,=,nM,41000,IC50,uM,41,
MB115,O=C(C1=CC=C(C=C1)O)/C=C/C2=CC=CC=C2C3=NC=CC=C3,=,nM,16300,IC50,uM,16.3,
MB116,O=C(C1=CC=C(C=C1)O)/C=C/C2=CC=C(C3=NC(C=CC=C4)=C4C=C3)C=C2,=,nM,51000,IC50,uM,51,
MB117,O=C(C1=CC=C(C=C1)O)/C=C/C2=CC=CC=C2C3=C(C=CC=C4)C4=CC=C3,=,nM,27500,IC50,uM,27.5,
MB118,O=C(C1=CC=C(C=C1)O)/C=C/C2=CC=C(Cl)C=C2,=,nM,38000,IC50,uM,38,
MB119,O=C(C1=CC=C(C=C1)O)/C=C/C2=CC=CC=C2Cl,=,nM,61700,IC50,uM,61.7,
MB120,O=C(C1=CC=C(C=C1)O)/C=C/C2=CC=CC(Cl)=C2,=,nM,33100,IC50,uM,33.1,
MB121,O=C(C1=CC=C(C=C1)O)/C=C/C2=CC=C(OC)C=C2,=,nM,32200,IC50,uM,32.2,
MB122,O=C(C1=CC=C(C=C1)O)/C=C/C2=CC=C(C)C=C2,=,nM,25400,IC50,uM,25.4,
MB123,O=C(C1=CC=C(C=C1)O)/C=C/C2=CC=CC(C)=C2,=,nM,25800,IC50,uM,25.8,
MB124,O=C(C1=CC=C(C=C1)O)/C=C/C2=CC=C(CCCC)C=C2,=,nM,20900,IC50,uM,20.9,
MB125,O=C(C1=CC=C(C=C1)O)/C=C/C2=CC=C(C(F)(F)F)C=C2,=,nM,30400,IC50,uM,30.4,
MB126,O=C(C1=CC=C(C=C1)O)/C=C/C2=CC=C([N+]([O-])=O)C=C2,=,nM,20400,IC50,uM,20.4,
MB127,O=C(C1=CC=C(C=C1)O)/C=C/C2=CC=C(F)C=C2,=,nM,21700,IC50,uM,21.7,
MB128,O=C(C1=CC=C(C=C1)O)/C=C/C2=CC=C(Cl)C(Cl)=C2,=,nM,18400,IC50,uM,18.4,
MB129,O=C(C1=CC=C(C=C1)O)/C=C/C2=CC=C(N(C)C)C=C2,=,nM,17700,IC50,uM,17.7,
MB130,O=C(C1=CC=C(C=C1)O)/C=C/C2=CC=C(Cl)C=C2Cl,=,nM,24500,IC50,uM,24.5,
MB131,O=C(C1=CC=C(C=C1)O)/C=C/C2=CC=CC=C2,=,nM,29600,IC50,uM,29.6,
MB132,O=C(C1=CC=CC=C1O)/C=C/C2=C(Cl)C=C(Cl)C=C2,=,nM,35450,IC50,uM,35.45,
MB133,O=C(C1=CC=CC=C1O)/C=C/C2=CC=C(N(C)C)C=C2,=,nM,188000,IC50,uM,188,
MB134,O=C(C1=CC=CC=C1O)/C=C/C2=CC(C3=NC(C=CC=C4)=C4C=C3)=CC=C2,=,nM,28000,IC50,uM,28,
MB135,O=C(C1=CC=CC=C1O)/C=C/C2=CC=C(Cl)C=C2,=,nM,12850,IC50,uM,12.85,
MB136,O=C(C1=CC=CC=C1O)/C=C/C2=CC=C(C)C=C2,=,nM,62500,IC50,uM,62.5,
MB137,O=C(C1=CC=CC=C1O)/C=C/C2=CC=C(OC)C=C2,=,nM,61500,IC50,uM,61.5,
MB138,O=C(C1=CC=CC=C1O)/C=C/C2=C(OC)C=C(OC)C=C2,=,nM,25500,IC50,uM,25.5,
MB139,O=C(C1=CC=CC=C1O)/C=C/C2=CC=C(C(F)(F)F)C=C2,=,nM,35500,IC50,uM,35.5,
MB140,O=C(C1=CC=CC=C1O)/C=C/C2=CC=C(F)C=C2,=,nM,47000,IC50,uM,47,
MB141,O=C(C1=CC=CC=C1O)/C=C/C2=C(C3=NC=CC=C3)C=CC=C2,=,nM,31000,IC50,uM,31,
MB142,O=C(C1=CC=CC=C1O)/C=C/C2=C3C(C=CC=C3)=CC=C2,=,nM,32500,IC50,uM,32.5,
MB143,O=C(C1=CC=CC=C1O)/C=C/C2=C(C3=C(C=CC=C4)C4=CC=C3)C=CC=C2,=,nM,29500,IC50,uM,29.5,
MB149,O=C(/C=C/C1=CC2=C(C=C(OC)C(OC)=C2)N=C1Cl)C3=CC=CC=C3,=,nM,20000,IC50,uM,20,
MB150,O=C(/C=C/C1=CC2=C(C=C(OC)C(OC)=C2)N=C1Cl)C3=CC=C(C)C=C3,=,nM,50000,IC50,uM,50,
MB151,O=C(/C=C/C1=CC2=C(C=C(OC)C(OC)=C2)N=C1Cl)C3=CC=C(Br)C=C3,=,nM,70000,IC50,uM,70,
MB153,O=C(/C=C/C1=CC2=C(C=C(OC)C(OC)=C2)N=C1Cl)C3=CC=C(OC)C=C3OC,=,nM,40000,IC50,uM,40,
MB154,O=C(/C=C/C1=CC2=C(C=C(OC)C(OC)=C2)N=C1Cl)C3=CC(OC)=CC=C3OC,=,nM,40000,IC50,uM,40,
MB155,O=C(/C=C/C1=CC2=C(C=C(OC)C(OC)=C2)N=C1Cl)C3=C(OC)C=CC=C3OC,=,nM,100000,IC50,uM,100,
MB161,O=C(/C(OC1=CC=C(/C=N\NC2=C(C=CC(Cl)=C3)C3=NC=C2)C=C1)=C\C4=CC=CC=C4)C5=CC=C(Cl)C=C5,=,nM,78.77,IC50,nM,78.77,3D7
MB162,O=C(/C(OC1=CC=C(/C=N\NC2=C(C=CC(Cl)=C3)C3=NC=C2)C=C1)=C\C4=CC=C(C)C=C4)C5=CC=C(Cl)C=C5,=,nM,111.68,IC50,nM,111.68,3D7
MB163,O=C(/C(OC1=CC=C(/C=N\NC2=C(C=CC(Cl)=C3)C3=NC=C2)C=C1)=C\C4=CC=C(OC)C=C4)C5=CC=C(Cl)C=C5,=,nM,48.09,IC50,nM,48.09,3D7
MB164,O=C(/C(OC1=CC=C(/C=N\NC2=C(C=CC(Cl)=C3)C3=NC=C2)C=C1)=C\C4=C(OC)C=CC(OC)=C4)C5=CC=C(Cl)C=C5,=,nM,250.41,IC50,nM,250.41,3D7
MB165,O=C(/C(OC1=CC=C(/C=N\NC2=C(C=CC(Cl)=C3)C3=NC=C2)C=C1)=C\C4=CC=C(OC)C(OC)=C4)C5=CC=C(Cl)C=C5,=,nM,84.03,IC50,nM,84.03,3D7
MB166,O=C(/C(OC1=CC=C(/C=N\NC2=C(C=CC(Cl)=C3)C3=NC=C2)C=C1)=C\C4=C(OC)C(OC)=C(OC)C=C4)C5=CC=C(Cl)C=C5,=,nM,123.5,IC50,nM,123.5,3D7
MB167,O=C(/C(OC1=CC=C(/C=N\NC2=C(C=CC(Cl)=C3)C3=NC=C2)C=C1)=C\C4=C(OC)C=C(OC)C(OC)=C4)C5=CC=C(Cl)C=C5,=,nM,90.49,IC50,nM,90.49,3D7
MB168,O=C(/C(OC1=CC=C(/C=N\NC2=C(C=CC(Cl)=C3)C3=NC=C2)C=C1)=C\C4=CC(OC)=C(OC)C(OC)=C4)C5=CC=C(Cl)C=C5,=,nM,95.31,IC50,nM,95.31,3D7
MB169,O=C(/C(OC1=CC=C(/C=N\NC2=C(C=CC(Cl)=C3)C3=NC=C2)C=C1)=C\C4=COC=C4)C5=CC=C(Cl)C=C5,=,nM,57.3,IC50,nM,57.3,3D7
MB170,O=C(/C(OC1=CC=C(/C=N\NC2=C(C=CC(Cl)=C3)C3=NC=C2)C=C1)=C\C4=CC=C(F)C=C4)C5=CC=C(Cl)C=C5,=,nM,29.06,IC50,nM,29.06,3D7
MB171,O=C(/C(OC1=CC=C(/C=N\NC2=C(C=CC(Cl)=C3)C3=NC=C2)C=C1)=C\C4=CC=C(Cl)C=C4)C5=CC=C(Cl)C=C5,=,nM,144.69,IC50,nM,144.69,3D7
MB172,O=C(/C(OC1=CC=C(/C=N\NC2=C(C=CC(Cl)=C3)C3=NC=C2)C=C1)=C\C4=C(F)C=C(F)C=C4)C5=CC=C(Cl)C=C5,=,nM,138.81,IC50,nM,138.81,3D7
MB173,O=C(/C(OC1=CC=C(/C=N\NC2=C(C=CC(Cl)=C3)C3=NC=C2)C=C1)=C\C4=C(Cl)C=C(Cl)C=C4)C5=CC=C(Cl)C=C5,=,nM,295.42,IC50,nM,295.42,3D7
MB174,O=C(/C(OC1=CC=C(/C=N\NC2=C(C=CC(Cl)=C3)C3=NC=C2)C=C1)=C\C4=CC([N+]([O-])=O)=CC=C4)C5=CC=C(Cl)C=C5,=,nM,128.12,IC50,nM,128.12,3D7
MB176,O=C1C(C)=CC(/C=C/C(C2=CC=C(C)C=C2)=O)=C/C1=C\NCCNC3=CC=NC4=CC(Cl)=CC=C34,=,nM,20.14,IC50,nM,20.14,
MB177,O=C1C(C)=CC(/C=C/C(C2=CC=C(O)C=C2)=O)=C/C1=C\NCCNC3=CC=NC4=CC(Cl)=CC=C34,=,nM,7.46,IC50,nM,7.46,
MB178,O=C1C(C)=CC(/C=C/C(C2=CC=C(OC)C=C2)=O)=C/C1=C\NCCNC3=CC=NC4=CC(Cl)=CC=C34,=,nM,33.34,IC50,nM,33.34,
MB179,O=C1C(C)=CC(/C=C/C(C2=CC=C(F)C=C2)=O)=C/C1=C\NCCNC3=CC=NC4=CC(Cl)=CC=C34,=,nM,22.23,IC50,nM,22.23,
MB180,O=C1C(C)=CC(/C=C/C(C2=CC=C(Cl)C=C2)=O)=C/C1=C\NCCNC3=CC=NC4=CC(Cl)=CC=C34,=,nM,44.03,IC50,nM,44.03,
MB181,O=C1C(C)=CC(/C=C/C(C2=CC=C(Br)C=C2)=O)=C/C1=C\NCCNC3=CC=NC4=CC(Cl)=CC=C34,=,nM,34.34,IC50,nM,34.34,
MB182,O=C1C(C)=CC(/C=C/C(C2=CC(OC)=C(OC)C(OC)=C2)=O)=C/C1=C\NCCNC3=CC=NC4=CC(Cl)=CC=C34,=,nM,19.06,IC50,nM,19.06,
MB183,O=C1C(C)=CC(/C=C/C(C2=CC=CS2)=O)=C/C1=C\NCCNC3=CC=NC4=CC(Cl)=CC=C34,=,nM,20.48,IC50,nM,20.48,
MB184,O=C1C(C(C)CC)=CC(/C=C/C(C2=CC=C(C)C=C2)=O)=C/C1=C\NCCNC3=CC=NC4=CC(Cl)=CC=C34,=,nM,25.9,IC50,nM,25.9,
MB185,O=C1C(C(C)CC)=CC(/C=C/C(C2=CC=C(O)C=C2)=O)=C/C1=C\NCCNC3=CC=NC4=CC(Cl)=CC=C34,=,nM,41.71,IC50,nM,41.71,
MB186,O=C1C(C(C)CC)=CC(/C=C/C(C2=CC=C(OC)C=C2)=O)=C/C1=C\NCCNC3=CC=NC4=CC(Cl)=CC=C34,=,nM,33.68,IC50,nM,33.68,
MB187,O=C1C(C(C)CC)=CC(/C=C/C(C2=CC=C(Cl)C=C2)=O)=C/C1=C\NCCNC3=CC=NC4=CC(Cl)=CC=C34,=,nM,32.77,IC50,nM,32.77,
MB188,O=C1C(C(C)CC)=CC(/C=C/C(C2=CC=CO2)=O)=C/C1=C\NCCNC3=CC=NC4=CC(Cl)=CC=C34,=,nM,14.12,IC50,nM,14.12,
MB189,O=C1C(C(C)CC)=CC(/C=C/C(C2=CC=CS2)=O)=C/C1=C\NCCNC3=CC=NC4=CC(Cl)=CC=C34,=,nM,17.56,IC50,nM,17.56,
MB190,O=C1C(C(C)(C)C)=CC(/C=C/C(C2=CC=C(F)C=C2)=O)=C/C1=C\NCCNC3=CC=NC4=CC(Cl)=CC=C34,=,nM,13.56,IC50,nM,13.56,
MB191,O=C1C(C(C)(C)C)=CC(/C=C/C(C2=CC=C(Cl)C=C2)=O)=C/C1=C\NCCNC3=CC=NC4=CC(Cl)=CC=C34,=,nM,51.54,IC50,nM,51.54,
MB192,O=C1C(C(C)(C)C)=CC(/C=C/C(C2=CC=C(Br)C=C2)=O)=C/C1=C\NCCNC3=CC=NC4=CC(Cl)=CC=C34,=,nM,7.85,IC50,nM,7.85,
MB193,O=C1C(C)=CC(/C=C/C(C2=CC=C(O)C=C2)=O)=C/C1=C\NCCCNC3=CC=NC4=CC(Cl)=CC=C34,=,nM,59.42,IC50,nM,59.42,
MB194,O=C1C(C)=CC(/C=C/C(C2=CC=C(OC)C=C2)=O)=C/C1=C\NCCCNC3=CC=NC4=CC(Cl)=CC=C34,=,nM,75.4,IC50,nM,75.4,
MB195,O=C1C(C)=CC(/C=C/C(C2=CC=C(Cl)C=C2)=O)=C/C1=C\NCCCNC3=CC=NC4=CC(Cl)=CC=C34,=,nM,82.67,IC50,nM,82.67,
MB196,O=C1C(C(C)CC)=CC(/C=C/C(C2=CC=C(O)C=C2)=O)=C/C1=C\NCCCNC3=CC=NC4=CC(Cl)=CC=C34,=,nM,78.29,IC50,nM,78.29,
MB197,O=C1C(C(C)CC)=CC(/C=C/C(C2=CC=C(OC)C=C2)=O)=C/C1=C\NCCCNC3=CC=NC4=CC(Cl)=CC=C34,=,nM,75.23,IC50,nM,75.23,
MB198,O=C1C(C(C)CC)=CC(/C=C/C(C2=CC=C(Cl)C=C2)=O)=C/C1=C\NCCCNC3=CC=NC4=CC(Cl)=CC=C34,=,nM,74.8,IC50,nM,74.8,
MB199,O=C1C(C)=CC(/C=C/C(C2=CC=C(OC)C=C2)=O)=C/C1=C\NC(C=C3)=CC=C3NC4=CC=NC5=CC(Cl)=CC=C45,=,nM,365.94,IC50,nM,365.94,
MB200,O=C1C(C)=CC(/C=C/C(C2=CC=C(F)C=C2)=O)=C/C1=C\NC(C=C3)=CC=C3NC4=CC=NC5=CC(Cl)=CC=C45,=,nM,299.06,IC50,nM,299.06,
MB201,O=C1C(C(CC)C)=CC(/C=C/C(C2=CC=CO2)=O)=C/C1=C\NC(C=C3)=CC=C3NC4=CC=NC5=CC(Cl)=CC=C45,=,nM,145.45,IC50,nM,145.45,
MB202,O=C1C(C(C)(C)C)=CC(/C=C/C(C2=CC=C(Cl)C=C2)=O)=C/C1=C\NC(C=C3)=CC=C3NC4=CC=NC5=CC(Cl)=CC=C45,=,nM,638.84,IC50,nM,638.84,
MB204,O=C(C1=CC=C(OC)C=C1O)/C=C/C2=CC=C(N(CC)CC)C=C2,=,nM,7280,IC50,uM,7.28,3D7
MB205,O=C(C1=CC=C(OC)C=C1O)/C=C/C2=CC=C(O)C(O)=C2,=,nM,590,IC50,uM,0.59,3D7
MB206,O=C(C1=CC=C(Cl)C=C1)/C=C/C2=CC=C(O)C(OC)=C2,=,nM,25840,IC50,uM,25.84,3D7
MB207,O=C(C1=CC=C(Cl)C=C1)/C=C/C2=CC=C(OCC=C)C(OC)=C2,=,nM,5260,IC50,uM,5.26,3D7
MB208,O=C(C1=CC=C(Cl)C=C1)/C=C/C2=CC=C(OC)C(OC)=C2,=,nM,7300,IC50,uM,7.3,3D7
MB209,O=C(C1=CC=C(OC)C(OC)=C1)/C=C/C2=CC=C(OC)C(OC)=C2,=,nM,5360,IC50,uM,5.36,3D7
MB210,O=C(C1=CC=C(OC)C(OC)=C1)/C=C/C2=CC(OC)=C(OC)C(Cl)=C2,=,nM,11380,IC50,uM,11.38,3D7
MB211,O=C(/C=C/C1=CC(OC)=C(OC)C(OC)=C1)C2=CC3=CC=CC=C3OC2=O,=,nM,8460,IC50,uM,8.46,3D7
MB212,O=C(/C=C/C1=CC=C(O)C(OC)=C1)C2=CC3=CC=CC=C3OC2=O,=,nM,34120,IC50,uM,34.12,3D7
MB213,O=C(/C=C/C1=CC=C(OC)C(OC)=C1)C2=CC3=CC=CC=C3OC2=O,=,nM,79380,IC50,uM,79.38,3D7
MB215,O=C(/C=C/C1=CC(OC)=CC=C1OC)C2=CC3=CC=CC=C3OC2=O,=,nM,8020,IC50,uM,8.02,3D7
MB216,O=C(/C=C/C1=CC=C(OC)C(OC)=C1OC)C2=CC3=CC=CC=C3OC2=O,=,nM,9210,IC50,uM,9.21,3D7
MB219,O=C(/C=C/C1=CC=CC=C1Cl)C2=C(O)C3=C(C=C2)OC(C=C3C)=O,=,nM,58690,IC50,uM,58.69,3D7
MB221,O=C(/C=C/C1=CC=C(Cl)C=C1)C2=CC=C(N3C=CC=C3)C=C2,=,nM,9510,IC50,uM,9.51,3D7
MB222,O=C(/C=C/C1=CC=C(Cl)C=C1)C2=CC=C(N3C4=CC=CC=C4N=N3)C=C2,=,nM,6940,IC50,uM,6.94,3D7
MB223,O=C(/C=C/C1=CC=C(Cl)C=C1)C2=CC=C(N3C=CC=N3)C=C2,=,nM,25130,IC50,uM,25.13,3D7
MB224,O=C(/C=C/C1=CC=C(Cl)C=C1)C2=CC=C(N3CCCC3)C=C2,=,nM,19270,IC50,uM,19.27,3D7
MB225,O=C(/C=C/C1=CC=C(Cl)C=C1)C2=CC=C(N3CCOCC3)C=C2,=,nM,27750,IC50,uM,27.75,3D7
MB226,O=C(/C=C/C1=CC=C(Cl)C=C1)C2=CC=C(N3C=CN=C3)C=C2,=,nM,26750,IC50,uM,26.75,3D7
MB227,O=C(/C=C/C1=CC=C(Cl)C=C1)C2=CC=C(N3N=CN=C3)C=C2,=,nM,4900,IC50,uM,4.9,3D7
MB228,O=C(/C=C/C1=CC=C(Cl)C=C1)C2=CC=C(N3CCCCC3)C=C2,=,nM,15800,IC50,uM,15.8,3D7
MB229,O=C(/C=C/C1=CC=C(OC)C=C1)C2=CC=C(N3N=CC=C3)C=C2,=,nM,40510,IC50,uM,40.51,3D7
MB230,O=C(/C=C/C1=CC=C(OC)C=C1)C2=CC=C(N3N=NC4=C3C=CC=C4)C=C2,=,nM,19130,IC50,uM,19.13,3D7
MB231,O=C(/C=C/C1=CC(OC)=C(OC)C(OC)=C1)C2=CC=C(N3CCCCC3)C=C2,=,nM,18760,IC50,uM,18.76,3D7
MB232,O=C(/C=C/C1=CC(OC)=C(OC)C(OC)=C1)C2=CC=C(N3C=CC=N3)C=C2,=,nM,16460,IC50,uM,16.46,3D7
MB233,O=C(/C=C/C1=CC(OC)=C(OC)C(OC)=C1)C2=CC=C(N3CCOCC3)C=C2,=,nM,11990,IC50,uM,11.99,3D7
MB234,O=C(/C=C/C1=CC(OC)=C(OC)C(OC)=C1)C2=CC=C(N3C=NC=N3)C=C2,=,nM,21970,IC50,uM,21.97,3D7
MB235,CC1=CSC2=NC(/C=C\C3=CC=CC=C3)=C(C(/C=C/C4=CC=CC=C4)=O)C(C5=CC=CC=C5)N21,=,nM,1230,IC50,uM,1.23,3D7
MB236,CC1=CSC2=NC(/C=C\C3=CC=C(Cl)C=C3)=C(C(/C=C/C4=CC=C(Cl)C=C4)=O)C(C5=CC=CC=C5)N21,=,nM,9720,IC50,uM,9.72,3D7
MB237,O=C(C1=C(/C=C/C2=CC=CC(Cl)=C2)N=C(SC=C3C)N3C1C4=CC=CC=C4)/C=C/C5=CC=CC(Cl)=C5,=,nM,1490,IC50,uM,1.49,3D7
MB238,O=C(C1=C(/C=C/C2=C(Cl)C=CC=C2)N=C(SC=C3C)N3C1C4=CC=CC=C4)/C=C/C5=CC=CC=C5Cl,=,nM,1050,IC50,uM,1.05,3D7
MB239,O=C(C1=C(/C=C/C2=CC=C(Br)C=C2)N=C(SC=C3C)N3C1C4=CC=CC=C4)/C=C/C5=CC=C(Br)C=C5,=,nM,8700,IC50,uM,8.7,3D7
MB240,O=C(C1=C(/C=C/C2=CC=C(F)C=C2)N=C(SC=C3C)N3C1C4=CC=CC=C4)/C=C/C5=CC=C(F)C=C5,=,nM,5390,IC50,uM,5.39,3D7
MB241,O=C(C1=C(/C=C/C2=CC=C(OC)C=C2)N=C(SC=C3C)N3C1C4=CC=CC=C4)/C=C/C5=CC=C(OC)C=C5,=,nM,4200,IC50,uM,4.2,3D7
MB242,O=C(C1=C(/C=C/C2=CC=C(OCC3=CC=CC=C3)C=C2)N=C(SC=C4C)N4C1C5=CC=CC=C5)/C=C/C6=CC=C(OCC7=CC=CC=C7)C=C6,=,nM,36440,IC50,uM,36.44,3D7
MB243,O=C(C1=C(/C=C/C2=CC(OC)=C(OC)C(OC)=C2)N=C(SC=C3C)N3C1C4=CC=CC=C4)/C=C/C5=CC(OC)=C(OC)C(OC)=C5,=,nM,780,IC50,uM,0.78,3D7
MB244,O=C(C1=C(/C=C/C2=CC=C(OCO3)C3=C2)N=C(SC=C4C)N4C1C5=CC=CC=C5)/C=C/C6=CC=C(OCO7)C7=C6,=,nM,9240,IC50,uM,9.24,3D7
MB245,O=C(C1=C(/C=C/C2=CC=CC=C2)N=C(SC=C3C)N3C1C4=CC=C(OC)C=C4)/C=C/C5=CC=CC=C5,=,nM,4300,IC50,uM,4.3,3D7
MB246,O=C(C1=C(/C=C/C2=CC=C(Cl)C=C2)N=C(SC=C3C)N3C1C4=CC=C(OC)C=C4)/C=C/C5=CC=C(Cl)C=C5,=,nM,9470,IC50,uM,9.47,3D7
MB247,O=C(C1=C(/C=C/C2=CC=C(F)C=C2)N=C(SC=C3C)N3C1C4=CC=C(OC)C=C4)/C=C/C5=CC=C(F)C=C5,=,nM,9770,IC50,uM,9.77,3D7
MB248,O=C(C1=C(/C=C/C2=CC=C(OCO3)C3=C2)N=C(SC=C4C)N4C1C5=CC=C(OC)C=C5)/C=C/C6=CC=C(OCO7)C7=C6,=,nM,6800,IC50,uM,6.8,3D7
MB249,O=C(C1=C(/C=C/C2=CC=CS2)N=C(SC=C3C)N3C1C4=CC=C(OC)C=C4)/C=C/C5=CC=CS5,=,nM,10280,IC50,uM,10.28,3D7
MB250,O=C(C1=C(/C=C\C2=CC(OC)=C(OC)C(OC)=C2)N=C(SC=C3C)N3C1C4=CC(OC)=C(OC)C(OC)=C4)/C=C/C5=CC(OC)=C(OC)C(OC)=C5,=,nM,9330,IC50,uM,9.33,3D7
MB251,O=C(C1=C(/C=C/C2=CC=C(OC)C=C2)N=C(SC=C3C)N3C1C4=CC(OC)=C(OC)C(OC)=C4)/C=C/C5=CC=C(OC)C=C5,=,nM,2570,IC50,uM,2.57,3D7
MB252,O=C(C1=C(/C=C/C2=CC=CC=C2)N=C(SC=C3C)N3C1C4=CC=C(Cl)C=C4)/C=C/C5=CC=CC=C5,=,nM,1010,IC50,uM,1.01,3D7
MB253,O=C(C1=C(/C=C/C2=CC=CC=C2Cl)N=C(SC=C3C)N3C1C4=CC=C(Cl)C=C4)/C=C/C5=CC=CC=C5Cl,=,nM,10460,IC50,uM,10.46,3D7
MB254,O=C(C1=C(/C=C/C2=CC=CC(Cl)=C2)N=C(SC=C3C)N3C1C4=CC=C(Cl)C=C4)/C=C/C5=CC=CC(Cl)=C5,=,nM,3980,IC50,uM,3.98,3D7
MB255,O=C(C1=C(/C=C/C2=CC=C(Cl)C=C2)N=C(SC=C3C)N3C1C4=CC=C(Cl)C=C4)/C=C/C5=CC=C(Cl)C=C5,=,nM,1500,IC50,uM,1.5,3D7
MB256,O=C(C1=C(/C=C/C2=CC=C(Br)C=C2)N=C(SC=C3C)N3C1C4=CC=C(Cl)C=C4)/C=C/C5=CC=C(Br)C=C5,=,nM,2010,IC50,uM,2.01,3D7
MB257,O=C(C1=C(/C=C/C2=CC=C(OCC3=CC=CC=C3)C=C2)N=C(SC=C4C)N4C1C5=CC=C(Cl)C=C5)/C=C/C6=CC=C(OCC7=CC=CC=C7)C=C6,=,nM,9860,IC50,uM,9.86,3D7
MB258,O=C(C1=CC=C(OC)C=C1)/C=C/C2=CC=C(Cl)C=C2,=,nM,88000,IC50,uM,88,3D7
MB260,O=C(C1=CC=C([N+]([O-])=O)C=C1)/C=C/C2=CC=CS2,=,nM,169900,IC50,uM,169.9,3D7
MB261,O=C(C1=CC=C(OCO2)C2=C1)/C=C/C3=CC=C(Cl)C=C3,=,nM,97900,IC50,uM,97.9,3D7
MB262,O=C(C1=CC=C(O)C=C1)/C=C/C2=CC=C(Cl)C=C2,=,nM,30000,IC50,uM,30,3D7
MB263,O=C(C1=CC=C(OCC=C)C=C1)/C=C/C2=CC=C(Cl)C=C2,=,nM,75000,IC50,uM,75,3D7
MB264,O=C(C1=CC=C(Cl)C=C1)/C=C/C2=CC=C(Cl)C=C2,=,nM,65000,IC50,uM,65,3D7
MB265,O=C(C1=CC=C(Br)C=C1)/C=C/C2=CC=C(Cl)C=C2,=,nM,50000,IC50,uM,50,3D7
MB266,O=C(C1=CC=C([N+]([O-])=O)C=C1)/C=C/C2=CC=C(Cl)C=C2,=,nM,78000,IC50,uM,78,3D7
MB268,O=C(C1=CC=C(Cl)C=C1)/C=C/C2=CC=C(OC)C=C2,=,nM,28800,IC50,uM,28.8,3D7
MB269,O=C(C1=CC=C(Cl)C=C1)/C=C/C2=CC=C(OC)C=C2OC,=,nM,6000,IC50,uM,6,3D7
MB270,O=C(C)/C=C/C1=CC=C(OC)C=C1OC,=,nM,48500,IC50,uM,48.5,3D7
MB271,O=C(C1=CC=C(Cl)C=C1)/C=C/C2=C(OC)C=C(OC)C(OC)=C2,=,nM,4000,IC50,uM,4,3D7
MB272,O=C(C1=CC=C(Cl)C=C1)/C=C/C2=C(OC)C=C(OC)C=C2OC,=,nM,8000,IC50,uM,8,3D7
MB273,O=C(C1=CC=C(Cl)C=C1)/C=C/C2=CC(OC)=C(OC)C(OC)=C2,=,nM,4600,IC50,uM,4.6,3D7
MB274,O=C(C1=CC=C(Br)C=C1)/C=C(C2=CN(CC=C)C3=C2C=CC=C3)/C4=C(OC)C=C(OC)C(OC)=C4,=,nM,17500,IC50,uM,17.5,3D7
MB275,O=C(C1=CC=C(OC)C=C1)/C=C/C2=CC(OC)=C(OC)C=C2OC,=,nM,11500,IC50,uM,11.5,3D7
MB276,O=C(C1=CC=C(OC)C(OC)=C1OC)/C=C/C2=CC(OC)=C(OC)C=C2OC,=,nM,7800,IC50,uM,7.8,3D7
MB279,O=C(C1=CC=C(I)C=C1)/C=C/C2=CC(OC)=C(OC)C=C2OC,=,nM,2000,IC50,uM,2,3D7
MB280,O=C(C1=CC=C(Br)C=C1)/C=C/C2=CC(OC)=C(OC)C=C2OC,=,nM,1800,IC50,uM,1.8,3D7
MB282,O=C(C1=CC=C(C2=CC=C(Br)C=C2)C=C1)/C=C/C3=CC(OC)=C(OC)C=C3OC,=,nM,47000,IC50,uM,47,3D7
MB283,COC1=CC=C(C(/C=C/C2=CC=C(O/N=C(C)/OCC)C=C2)=O)C=C1,=,nM,47100,IC50,uM,47.1,3D7
MB284,O=C(/C=C/C1=CC=C(O/N=C(C)/OCC)C=C1)C2=CC=CC=C2,=,nM,96900,IC50,uM,96.9,3D7
MB286,CC1=CC=C(C(/C=C/C2=CC=C(O/N=C(C)/OCC)C=C2)=O)C=C1,=,nM,102000,IC50,uM,102,3D7
MB287,O=C(/C=C/C1=CC=C(O/N=C(C)/OCC)C=C1)C2=CC=CC=C2OC,=,nM,41250,IC50,uM,41.25,3D7
MB288,O=C(/C=C/C1=CC=C(O/N=C(C)/OCC)C=C1)C2=C(C)C=CC=C2,=,nM,43290,IC50,uM,43.29,3D7
MB290,O=C(/C=C/C1=CC=C(O/N=C(C)/OCC)C=C1)C2=CC=C(OC)C=C2OC,=,nM,43310,IC50,uM,43.31,3D7
MB291,O=C(/C=C/C1=CC=C(O/N=C(C)/OCC)C=C1)C2=CC(O)=CC=C2,=,nM,46100,IC50,uM,46.1,3D7
MB293,O=C(/C=C/C1=CC=C(O/N=C(C)/OCC)C=C1)C2=C(C=CC=C3)C3=CC=C2,=,nM,33380,IC50,uM,33.38,3D7
MB295,O=C(/C=C/C1=CC=CC=C1)C2=CC=C(O/N=C(OCC)\C)C=C2,=,nM,96970,IC50,uM,96.97,3D7
MB296,O=C(/C=C/C1=CC=C(C)C=C1)C2=CC=C(O/N=C(OCC)\C)C=C2,=,nM,80390,IC50,uM,80.39,3D7
MB297,O=C(/C=C/C1=CC=C(OC)C=C1)C2=CC=C(O/N=C(OCC)\C)C=C2,=,nM,82500,IC50,uM,82.5,3D7
MB298,O=C(/C=C/C1=CC=C(OC2=CC=CC=C2)C=C1)C3=CC=C(O/N=C(OCC)\C)C=C3,=,nM,28880,IC50,uM,28.88,3D7
MB299,O=C(/C=C/C1=CC=CC=C1OC)C2=CC=C(O/N=C(OCC)\C)C=C2,=,nM,76600,IC50,uM,76.6,3D7
MB300,O=C(/C=C/C1=CC=CC(OC)=C1)C2=CC=C(O/N=C(OCC)\C)C=C2,=,nM,41250,IC50,uM,41.25,3D7
MB301,O=C(/C=C/C1=CC(OC)=CC=C1OC)C2=CC=C(O/N=C(OCC)\C)C=C2,=,nM,16240,IC50,uM,16.24,3D7
MB302,O=C(/C=C/C1=CC=C(OC)C(OC)=C1)C2=CC=C(O/N=C(OCC)\C)C=C2,=,nM,37890,IC50,uM,37.89,3D7
MB304,O=C(/C=C/C1=CC(OC)=C(OC)C(OC)=C1)C2=CC=C(O/N=C(OCC)\C)C=C2,=,nM,30000,IC50,uM,30,3D7
MB308,O=C(/C=C/C1=CC=CS1)C2=CC=C(O/N=C(OCC)\C)C=C2,=,nM,88770,IC50,uM,88.77,3D7
MB310,O=C(/C=C/C1=CC=C(O/N=C(OCC)\C)C=C1)C2=CC=C(O/N=C(OCC)\C)C=C2,=,nM,63340,IC50,uM,63.34,3D7
MB311,O=C(C1=CC=C(O)C=C1)/C=C/C2=CC(CC=C)=C(O)C(OC)=C2,=,nM,38500,IC50,uM,38.5,3D7
MB312,O=C(C1=CC=C(Cl)C=C1)/C=C/C2=CC(CC=C)=C(O)C(OC)=C2,=,nM,28000,IC50,uM,28,3D7
MB313,O=C(C1=CC=C(Cl)C=C1)/C=C/C2=CC(CC=C)=C(OC)C(OC)=C2,=,nM,3900,IC50,uM,3.9,3D7
MB314,O=C(C1=CC=C(OC)C=C1)/C=C/C2=CC(CC=C)=C(OC)C(OC)=C2,=,nM,4300,IC50,uM,4.3,3D7
MB315,O=C(C1=CC=C(OCO2)C2=C1)/C=C/C3=CC(CC=C)=C(OC)C(OC)=C3,=,nM,4700,IC50,uM,4.7,3D7
MB316,O=C(C1=CC=C(Br)C=C1)/C=C/C2=CC(CC=C)=C(OC)C(OC)=C2,=,nM,5300,IC50,uM,5.3,3D7
MB317,O=C(C1=CC=C([N+]([O-])=O)C=C1)/C=C/C2=CC(CC=C)=C(OC)C(OC)=C2,=,nM,12500,IC50,uM,12.5,3D7
MB318,O=C(C1=CC=C(Cl)C=C1)/C=C/C2=CC(CC=C)=C(OCC=C)C(OC)=C2,=,nM,7800,IC50,uM,7.8,3D7
MB319,O=C(C1=CC=C(Cl)C=C1)/C=C/C2=CC=C(OCC=C)C(OC)=C2,=,nM,2500,IC50,uM,2.5,3D7
MB320,O=C(C1=CC=C(Cl)C(Cl)=C1)/C=C/C2=CC=C(OCC=C)C(OC)=C2,=,nM,10000,IC50,uM,10,3D7
MB321,O=C(C1=CC=C(Br)C=C1)/C=C/C2=CC=C(OCC=C)C(OC)=C2,=,nM,8100,IC50,uM,8.1,3D7
MB322,O=C(C1=CC=C(I)C=C1)/C=C/C2=CC=C(OCC=C)C(OC)=C2,=,nM,8500,IC50,uM,8.5,3D7
MB323,O=C(C1=CC=C(F)C=C1)/C=C/C2=CC=C(OCC=C)C(OC)=C2,=,nM,23000,IC50,uM,23,3D7
MB324,O=C(C1=CC=CC(Cl)=C1)/C=C/C2=CC=C(OCC=C)C(OC)=C2,=,nM,5300,IC50,uM,5.3,3D7
MB325,O=C(C1=CC=C(OC)C=C1)/C=C/C2=CC=C(OCC=C)C(OC)=C2,=,nM,22500,IC50,uM,22.5,3D7
MB326,O=C(C1=CC=C(OCO2)C2=C1)/C=C/C3=CC=C(OCC=C)C(OC)=C3,=,nM,38500,IC50,uM,38.5,3D7
MB328,O=C(C1=CC=C(N)C=C1)/C=C/C2=CC=C(OCC=C)C(OC)=C2,=,nM,36000,IC50,uM,36,3D7
MB329,O=C(C1=CC=CC=C1)/C=C/C2=CC=C(OCC=C)C(OC)=C2,=,nM,38000,IC50,uM,38,3D7
MB330,O=C(C1=CC=C(OCC=C)C=C1)/C=C/C2=CC=C(OCC=C)C(OC)=C2,=,nM,7400,IC50,uM,7.4,3D7
MB331,O=C(C1=CC=C(Cl)C=C1)/C=C/C2=CC=CC(OC)=C2OCC=C,=,nM,12500,IC50,uM,12.5,3D7
MB332,O=C(C1=CC=C(Cl)C=C1)/C=C/C2=CC=C(OC)C(OCC=C)=C2,=,nM,18000,IC50,uM,18,3D7
MB333,O=C(C1=CC=C(Cl)C=C1)/C=C/C2=CC=C(O)C(OC)=C2,=,nM,28000,IC50,uM,28,3D7
MB334,O=C(C1=CC=C(Cl)C=C1)/C=C/C2=CC=C(OC/C=C(C)/C)C(OC)=C2,=,nM,5000,IC50,uM,5,3D7
MB335,O=C(C1=CC=C(Cl)C=C1)/C=C/C2=CC=C(OCCCC)C(OC)=C2,=,nM,14800,IC50,uM,14.8,3D7
MB336,O=C(C1=CC=C(Cl)C=C1)/C=C/C2=CC=C(OCC3=CC=C(Br)C=C3)C(OC)=C2,=,nM,8000,IC50,uM,8,3D7
MB337,O=C(C1=CC=C(Cl)C=C1)/C=C/C2=CC(OC)=C(OCC=C)C(OC)=C2,=,nM,3800,IC50,uM,3.8,3D7
MB338,O=C(C1=CC=C(Cl)C=C1)/C=C/C2=CC=C(OCC=C)C=C2,=,nM,43000,IC50,uM,43,3D7
MB339,O=C(C1=CC=C(Cl)C=C1)/C=C/C2=CC=CC=C2OCC=C,=,nM,9000,IC50,uM,9,3D7
MB340,O=C(C1=CC=C(Cl)C=C1)/C=C/C2=CC=C(OCC=C)C(OCC)=C2,=,nM,28000,IC50,uM,28,3D7
MB341,O=C(C1=CC=C(Cl)C=C1)/C=C/C2=CC=C(OCC=C)C(OCC=C)=C2,=,nM,3400,IC50,uM,3.4,3D7
MB342,O=C(C1=CC=C(OCC=C)C(OC)=C1)/C=C/C2=CC=C(Cl)C=C2,=,nM,8600,IC50,uM,8.6,3D7
MB343,O=C(C1=CC=CO1)/C=C/C2=CC=C(OCC=C)C(OC)=C2,=,nM,95000,IC50,uM,95,3D7
MB344,O=C1C(C(/C=C/C2=CC=C(OCC=C)C(OC)=C2)=O)=CC3=C(O1)C=CC=C3,=,nM,100000,IC50,uM,100,3D7
MB346,O=C(C1=CC=CN1)/C=C/C2=CC=C(OCC=C)C(OC)=C2,=,nM,48000,IC50,uM,48,3D7
MB349,O=C(C1=CC=C(NC2=CC=NC3=CC(Cl)=CC=C23)C=C1)/C=C/C4=CC=C(OCC=C)C(OC)=C4,=,nM,75000,IC50,uM,75,3D7
MB350,O=C(C1=CC=C(N(CC=C)C2=CC=NC3=CC(Cl)=CC=C23)C=C1)/C=C/C4=CC=C(OCC=C)C(OC)=C4,=,nM,3500,IC50,uM,3.5,3D7
MB352,O=C1C=CC2=C(O1)C=C(OCC3=CN(C4=CC=CC(C(/C=C/C5=CC=CC(OC)=C5OC)=O)=C4)N=N3)C=C2,=,nM,13010,IC50,uM,13.01,3D7
MB354,O=C1C=CC2=C(O1)C=C(OCC3=CN(C4=CC=CC(C(/C=C/C5=CC=C(OC)C(OC)=C5OC)=O)=C4)N=N3)C=C2,=,nM,24150,IC50,uM,24.15,3D7
MB358,O=C1C=C(OCC2=CN(C3=CC=CC(C(/C=C/C4=CC=CC(OC)=C4OC)=O)=C3)N=N2)C5=C(O1)C=CC=C5,=,nM,9280,IC50,uM,9.28,3D7
MB359,O=C1C=C(OCC2=CN(C3=CC=CC(C(/C=C/C4=CC=C(OC)C(OC)=C4OC)=O)=C3)N=N2)C5=C(O1)C=CC=C5,=,nM,13840,IC50,uM,13.84,3D7
MB360,O=C1C=C(OCC2=CN(C3=CC=C(C(/C=C/C4=CC=C(OC)C(OC)=C4OC)=O)C=C3)N=N2)C5=C(O1)C=CC=C5,=,nM,2960,IC50,uM,2.96,3D7
MB362,O=C(C1=CC(C/C=C(C)\C)=C(OC)C=C1O)/C=C/C2=CC=C(C)C=C2,=,nM,91690,IC50,uM,91.69,3D7
MB363,O=C(C1=CC(C/C=C(C)\C)=C(OC)C=C1O)/C=C/C2=CC=C(Br)C=C2,=,nM,92320,IC50,uM,92.32,3D7
MB364,O=C(C1=CC(C/C=C(C)\C)=C(OC)C=C1O)/C=C/C2=CC=C(OC)C(OC)=C2,=,nM,2820,IC50,uM,2.82,3D7
MB365,O=C(C1=CC(C/C=C(C)\C)=C(OC)C=C1O)/C=C/C2=CC=C(C3=CC=C(F)C=C3)C=C2,=,nM,72240,IC50,uM,72.24,3D7
MB366,O=C(C1=CC=C(Cl)C=C1)/C=C/C2=CC=C(OCC=C)C(OC)=C2,=,nM,5260,IC50,uM,5.26,3D7
MB367,O=C(C1=CC=C(Cl)C=C1)/C=C/C2=CC=C(OC)C(OC)=C2,=,nM,7290,IC50,uM,7.29,3D7
MB368,O=C(C1=CC=C(Cl)C=C1)/C=C/C2=CC=C(O)C=C2,=,nM,9430,IC50,uM,9.43,3D7
MB369,O=C(/C=C/C1=CC=C(OCC#C[H])C(OC)=C1)C2=CC=C(OC)C=C2,=,nM,13500,IC50,uM,13.5,Dd2
MB370,O=C(/C=C/C1=CC=C(OCC#C[H])C(OC)=C1)C2=CC=C(OC)C=C2OC,=,nM,4300,IC50,uM,4.3,Dd2
MB371,O=C(/C=C/C1=CC=C(OCC#C[H])C(OC)=C1)C2=CC=C(OC)C(OC)=C2OC,=,nM,2800,IC50,uM,2.8,Dd2
MB372,O=C(/C=C/C1=CC=C(OC)C=C1OC)C2=CC=C(OCC#C[H])C(OC)=C2,=,nM,14500,IC50,uM,14.5,Dd2
MB373,O=C(/C=C/C1=CC=C(OC)C(OC)=C1OC)C2=CC=C(OCC#C[H])C(OC)=C2,=,nM,2400,IC50,uM,2.4,Dd2
MB374,O=C(/C=C/C1=CC=C(Cl)C=C1Cl)C2=CC=C(OCC#C[H])C(OC)=C2,=,nM,2800,IC50,uM,2.8,Dd2
MB375,O=C(/C=C/C1=CC=C(F)C=C1)C2=CC=C(OCC#C[H])C(OC)=C2,=,nM,7700,IC50,uM,7.7,Dd2
MB376,O=C(/C=C/C1=CC=C(F)C=C1F)C2=CC=C(OCC#C[H])C(OC)=C2,=,nM,5200,IC50,uM,5.2,Dd2
MB377,O=C1NC(C(C)=CN1C2OC(CO)C(N3N=NC(COC4=CC=C(/C=C/C(C5=CC=C(OC)C=C5)=O)C=C4OC)=C3)C2)=O,=,nM,6100,IC50,uM,6.1,Dd2
MB378,O=C1NC(C(C)=CN1C2OC(CO)C(N3N=NC(COC4=CC=C(/C=C/C(C5=CC=C(OC)C=C5OC)=O)C=C4OC)=C3)C2)=O,=,nM,4400,IC50,uM,4.4,Dd2
MB379,O=C1NC(C(C)=CN1C2OC(CO)C(N3N=NC(COC4=CC=C(/C=C/C(C5=CC=C(OC)C(OC)=C5OC)=O)C=C4OC)=C3)C2)=O,=,nM,3700,IC50,uM,3.7,Dd2
MB380,O=C(C1=CC=C(OC)C=C1)/C=C/C2=CC=C(OCC3=CN(C4=CC=NC5=CC(Cl)=CC=C45)N=N3)C(OC)=C2,=,nM,2200,IC50,uM,2.2,Dd2
MB381,O=C(C1=CC=C(OC)C=C1OC)/C=C/C2=CC=C(OCC3=CN(C4=CC=NC5=CC(Cl)=CC=C45)N=N3)C(OC)=C2,=,nM,70,IC50,uM,0.07,Dd2
MB382,O=C(C1=CC=C(OC)C(OC)=C1OC)/C=C/C2=CC=C(OCC3=CN(C4=CC=NC5=CC(Cl)=CC=C45)N=N3)C(OC)=C2,=,nM,400,IC50,uM,0.4,Dd2
MB383,O=C1NC(C(C)=CN1C2OC(CO)C(N3N=NC(COC4=CC=C(C(/C=C/C5=CC=C(OC)C=C5OC)=O)C=C4OC)=C3)C2)=O,=,nM,11800,IC50,uM,11.8,Dd2
MB384,O=C1NC(C(C)=CN1C2OC(CO)C(N3N=NC(COC4=CC=C(C(/C=C/C5=CC=C(OC)C(OC)=C5OC)=O)C=C4OC)=C3)C2)=O,=,nM,3800,IC50,uM,3.8,Dd2
MB385,O=C1NC(C(C)=CN1C2OC(CO)C(N3N=NC(COC4=CC=C(C(/C=C/C5=CC=C(Cl)C=C5Cl)=O)C=C4OC)=C3)C2)=O,=,nM,1900,IC50,uM,1.9,Dd2
MB386,O=C1NC(C(C)=CN1C2OC(CO)C(N3N=NC(COC4=CC=C(C(/C=C/C5=CC=C(F)C=C5)=O)C=C4OC)=C3)C2)=O,=,nM,6100,IC50,uM,6.1,Dd2
MB387,O=C1NC(C(C)=CN1C2OC(CO)C(N3N=NC(COC4=CC=C(C(/C=C/C5=CC=C(F)C=C5F)=O)C=C4OC)=C3)C2)=O,=,nM,4800,IC50,uM,4.8,Dd2
MB388,O=C(C1=CC=C(OCC2=CN(C3=CC=NC4=CC(Cl)=CC=C34)N=N2)C(OC)=C1)/C=C/C5=CC=C(OC)C=C5OC,=,nM,11700,IC50,uM,11.7,Dd2
MB389,O=C(C1=CC=C(OCC2=CN(C3=CC=NC4=CC(Cl)=CC=C34)N=N2)C(OC)=C1)/C=C/C5=CC=C(OC)C(OC)=C5OC,=,nM,300,IC50,uM,0.3,Dd2
MB390,O=C(C1=CC=C(OCC2=CN(C3=CC=NC4=CC(Cl)=CC=C34)N=N2)C(OC)=C1)/C=C/C5=CC=C(Cl)C=C5Cl,=,nM,1900,IC50,uM,1.9,Dd2
MB391,O=C(C1=CC=C(OCC2=CN(C3=CC=NC4=CC(Cl)=CC=C34)N=N2)C(OC)=C1)/C=C/C5=CC=C(F)C=C5,=,nM,1600,IC50,uM,1.6,Dd2
MB392,FC1=CC=C(C(/C=C/C2=CC=C(OCC3=CN(C4=CC=NC5=CC(Cl)=CC=C45)N=N3)C(OC)=C2)=O)C(F)=C1,=,nM,2100,IC50,uM,2.1,Dd2
